dataset,scenario,error_rate,subset_source,task_type,model_type,target,detector_mode,benchmark_assisted_detection,raha_used,episodes,rf_estimators,rf_max_depth,rf_n_jobs,reward_eval_interval,eval_sample_ratio,ve_source,delete_policy,uniclean_scope,detector_expansion,max_detector_expansion,verifier_policy,verifier_selected,expanded_semantic_errors,seed,rows,dropped_rows,feature_count,categorical_feature_count,action_counts,repair_plan_size,uniclean_candidate_repairs,uniclean_cached,uniclean_cleaned_csv,repair_fallback_count,policy_override_count,runtime_seconds,downstream_before,downstream_after,downstream_delta,downstream_fixed_before,downstream_fixed_after,downstream_fixed_delta,downstream_fixed_train_rows_after,downstream_fixed_test_rows,cell_dirty_errors,cell_changed,repair_precision,repair_recall,repair_f1,run_dir,verifier_candidate_cleaned_csv,verifier_candidate_fixed_before,verifier_candidate_fixed_after,verifier_candidate_fixed_delta,verifier_candidate_repair_f1,max_detected_errors,base_cv_folds
beers,artificial,25.0,,classification,random_forest,style,benchmark,True,False,100,10,,-1,200,0.5,uniclean,uniclean_repair,row,uniclean_diff,5000.0,rollback_no_improve,candidate,58,42,2406,4,8,5,"{'no_action': 0, 'repair_value': 775, 'delete': 0, 'replace_nearby': 349}",775,107,True,result_assets/UnicleanResult/Uniclean_cleaned_data/artificial_error_cleaned_data/3_beers_025_cleaned_by_uniclean.csv,0,0,99.269863292,0.1630997059682777,0.1727493843324605,0.0096496783641828,0.1751246667534577,0.1865568829012946,0.0114322161478368,1633,701,3883.0,58.0,0.9310344827586208,0.0139067731135719,0.0274042121289012,outputs/experiments_20260519_final/demandprep/artificial/025/beers/20260519-210416,,,,,,,
flights,artificial,25.0,,classification,random_forest,arrival_delay_bucket,benchmark,True,False,100,10,,-1,200,0.5,uniclean,uniclean_repair,row,uniclean_diff,5000.0,rollback_no_improve,candidate,39,42,2343,33,6,6,"{'no_action': 0, 'repair_value': 39, 'delete': 0, 'replace_nearby': 0}",39,78,True,result_assets/UnicleanResult/Uniclean_cleaned_data/artificial_error_cleaned_data/2_flights_025_cleaned_by_uniclean.csv,0,0,20.337969291,0.9965698005793168,1.0,0.0034301994206833,1.0,1.0,0.0,1640,703,39.0,39.0,1.0,1.0,1.0,outputs/experiments_20260519_final/demandprep/artificial/025/flights/20260519-210050,,,,,,,
hospitals,artificial,25.0,,classification,random_forest,HospitalOwner,benchmark,True,False,100,10,,-1,200,0.5,uniclean,uniclean_repair,row,uniclean_diff,5000.0,rollback_no_improve,candidate,95,42,998,2,18,17,"{'no_action': 654, 'repair_value': 1034, 'delete': 35, 'replace_nearby': 596}",1034,182,True,result_assets/UnicleanResult/Uniclean_cleaned_data/artificial_error_cleaned_data/1_hospital_025_cleaned_by_uniclean.csv,0,35,59.17336950000001,0.7895428040287854,0.7895428040287854,0.0,0.9892863889423522,0.9892863889423522,0.0,698,300,76.0,91.0,0.7802197802197802,0.9342105263157896,0.8502994011976048,outputs/experiments_20260519_final/demandprep/artificial/025/hospitals/20260519-205145,,,,,,,
rayyan,artificial,25.0,,classification,random_forest,article_language,benchmark,True,False,100,10,,-1,200,0.5,uniclean,uniclean_repair,row,uniclean_diff,5000.0,rollback_no_improve,no_op_rollback,14,42,642,358,9,7,"{'no_action': 45, 'repair_value': 124, 'delete': 128, 'replace_nearby': 171}",124,272,True,result_assets/UnicleanResult/Uniclean_cleaned_data/artificial_error_cleaned_data/4_rayyan_025_cleaned_by_uniclean.csv,0,128,58.349146,0.1347194588141663,0.1347194588141663,0.0,0.1537670778617854,0.1537670778617854,0.0,449,193,37.0,0.0,0.0,0.0,0.0,outputs/experiments_20260519_final/demandprep/artificial/025/rayyan/20260519-211802,outputs/experiments_20260519_final/demandprep/artificial/025/rayyan/20260519-211802/candidate_cleaned.csv,0.1537670778617854,0.1433333333333333,-0.010433744528452,0.4705882352941177,,
tax,artificial,25.0,existing_tax_subset_10k,regression,ridge,rate,benchmark,True,False,50,10,,-1,200,0.5,uniclean,uniclean_repair,row,uniclean_diff,5000.0,rollback_no_improve,no_op_rollback,686,42,9986,14,14,11,"{'no_action': 607, 'repair_value': 26, 'delete': 39, 'replace_nearby': 36}",26,1368,True,result_assets/UnicleanResult/Uniclean_cleaned_data/artificial_error_cleaned_data/5_tax_025_cleaned_by_uniclean.csv,0,39,114.537431458,0.4052522125931295,0.4052522125931295,0.0,0.4076577318047731,0.4076577318047731,0.0,6990,2996,275.0,0.0,0.0,0.0,0.0,outputs/experiments_20260519_final/demandprep/artificial/025/tax/20260519-212638,outputs/experiments_20260519_final/demandprep/artificial/025/tax/20260519-212638/candidate_cleaned.csv,0.4076577318047731,0.4074915452842479,-0.0001661865205252,0.2116402116402116,,
beers,artificial,5.0,,classification,random_forest,style,benchmark,True,False,100,10,,-1,200,0.5,uniclean,uniclean_repair,row,uniclean_diff,5000.0,rollback_no_improve,candidate,94,42,2406,4,8,5,"{'no_action': 0, 'repair_value': 620, 'delete': 0, 'replace_nearby': 544}",620,164,True,result_assets/UnicleanResult/Uniclean_cleaned_data/artificial_error_cleaned_data/3_beers_05_cleaned_by_uniclean.csv,0,0,100.200005666,0.1751612762159487,0.1852431434203246,0.0100818672043758,0.1622995916850964,0.1849254508627439,0.0226258591776475,1633,701,3929.0,94.0,0.8936170212765957,0.0213794858742682,0.0417598806860551,outputs/experiments_20260519_final/demandprep/artificial/05/beers/20260519-210558,,,,,,,
flights,artificial,5.0,,classification,random_forest,arrival_delay_bucket,benchmark,True,False,100,10,,-1,200,0.5,uniclean,uniclean_repair,row,uniclean_diff,5000.0,rollback_no_improve,no_op_rollback,62,42,2317,59,6,6,"{'no_action': 0, 'repair_value': 61, 'delete': 1, 'replace_nearby': 0}",61,123,True,result_assets/UnicleanResult/Uniclean_cleaned_data/artificial_error_cleaned_data/2_flights_05_cleaned_by_uniclean.csv,0,1,21.905012708,0.997434244242755,0.997434244242755,0.0,1.0,1.0,0.0,1621,696,62.0,0.0,0.0,0.0,0.0,outputs/experiments_20260519_final/demandprep/artificial/05/flights/20260519-210112,outputs/experiments_20260519_final/demandprep/artificial/05/flights/20260519-210112/candidate_cleaned.csv,1.0,0.7469512195121951,-0.2530487804878049,1.0,,
hospitals,artificial,5.0,,classification,random_forest,HospitalOwner,benchmark,True,False,100,10,,-1,200,0.5,uniclean,uniclean_repair,row,uniclean_diff,5000.0,rollback_no_improve,candidate,183,42,995,5,18,17,"{'no_action': 1349, 'repair_value': 4, 'delete': 0, 'replace_nearby': 1045}",4,350,True,result_assets/UnicleanResult/Uniclean_cleaned_data/artificial_error_cleaned_data/1_hospital_05_cleaned_by_uniclean.csv,0,0,59.763161499999995,0.8860719429014544,0.8860719429014544,0.0,0.9978991596638656,0.9978991596638656,0.0,696,299,163.0,80.0,1.0,0.4907975460122699,0.6584362139917695,outputs/experiments_20260519_final/demandprep/artificial/05/hospitals/20260519-205247,,,,,,,
rayyan,artificial,5.0,,classification,random_forest,article_language,benchmark,True,False,100,10,,-1,200,0.5,uniclean,uniclean_repair,row,uniclean_diff,5000.0,rollback_no_improve,candidate,18,42,642,358,9,7,"{'no_action': 22, 'repair_value': 100, 'delete': 0, 'replace_nearby': 354}",100,280,True,result_assets/UnicleanResult/Uniclean_cleaned_data/artificial_error_cleaned_data/4_rayyan_05_cleaned_by_uniclean.csv,0,0,59.062405416,0.1273809523809523,0.1273809523809523,0.0,0.1273809523809523,0.1273809523809523,0.0,449,193,50.0,13.0,0.6923076923076923,0.18,0.2857142857142857,outputs/experiments_20260519_final/demandprep/artificial/05/rayyan/20260519-211903,,,,,,,
tax,artificial,5.0,existing_tax_subset_10k,regression,ridge,rate,benchmark,True,False,50,10,,-1,200,0.5,uniclean,uniclean_repair,row,uniclean_diff,5000.0,rollback_no_improve,no_op_rollback,1438,42,9986,14,14,11,"{'no_action': 651, 'repair_value': 280, 'delete': 0, 'replace_nearby': 553}",280,2852,True,result_assets/UnicleanResult/Uniclean_cleaned_data/artificial_error_cleaned_data/5_tax_05_cleaned_by_uniclean.csv,0,0,560.972231709,0.3979874857880668,0.3979874857880668,0.0,0.3986848704926248,0.3986848704926248,0.0,6990,2996,513.0,0.0,0.0,0.0,0.0,outputs/experiments_20260519_final/demandprep/artificial/05/tax/20260519-212836,outputs/experiments_20260519_final/demandprep/artificial/05/tax/20260519-212836/candidate_cleaned.csv,0.3986848704926248,0.3986145698765828,-7.03006160419628e-05,0.3431952662721893,,
beers,artificial,75.0,,classification,random_forest,style,benchmark,True,False,100,10,,-1,200,0.5,uniclean,uniclean_repair,row,uniclean_diff,5000.0,rollback_no_improve,candidate,158,42,2406,4,8,5,"{'no_action': 454, 'repair_value': 449, 'delete': 147, 'replace_nearby': 175}",449,280,True,result_assets/UnicleanResult/Uniclean_cleaned_data/artificial_error_cleaned_data/3_beers_075_cleaned_by_uniclean.csv,0,147,99.88713725,0.1700562075048207,0.1829074485448357,0.0128512410400149,0.1741467679578187,0.178940962438369,0.0047941944805502,1633,701,3987.0,111.0,0.981981981981982,0.0273388512666165,0.0531966813079551,outputs/experiments_20260519_final/demandprep/artificial/075/beers/20260519-210740,,,,,,,
flights,artificial,75.0,,classification,random_forest,arrival_delay_bucket,benchmark,True,False,100,10,,-1,200,0.5,uniclean,uniclean_repair,row,uniclean_diff,5000.0,rollback_no_improve,no_op_rollback,116,42,2293,83,6,6,"{'no_action': 9, 'repair_value': 17, 'delete': 0, 'replace_nearby': 90}",17,230,True,result_assets/UnicleanResult/Uniclean_cleaned_data/artificial_error_cleaned_data/2_flights_075_cleaned_by_uniclean.csv,0,0,22.818090834,0.9976144270364936,0.9976144270364936,0.0,1.0,1.0,0.0,1605,688,116.0,0.0,0.0,0.0,0.0,outputs/experiments_20260519_final/demandprep/artificial/075/flights/20260519-210136,outputs/experiments_20260519_final/demandprep/artificial/075/flights/20260519-210136/candidate_cleaned.csv,1.0,0.7486338797814207,-0.2513661202185793,0.9734513274336284,,
hospitals,artificial,75.0,,classification,random_forest,HospitalOwner,benchmark,True,False,100,10,,-1,200,0.5,uniclean,uniclean_repair,row,uniclean_diff,5000.0,rollback_no_improve,candidate,239,42,993,7,18,17,"{'no_action': 1462, 'repair_value': 643, 'delete': 95, 'replace_nearby': 253}",643,469,True,result_assets/UnicleanResult/Uniclean_cleaned_data/artificial_error_cleaned_data/1_hospital_075_cleaned_by_uniclean.csv,0,95,64.074818,0.8862642421170849,0.8862642421170849,0.0,0.9977869173521348,0.9977869173521348,0.0,695,298,221.0,152.0,0.9802631578947368,0.6742081447963801,0.7989276139410187,outputs/experiments_20260519_final/demandprep/artificial/075/hospitals/20260519-205349,,,,,,,
rayyan,artificial,75.0,,classification,random_forest,article_language,benchmark,True,False,100,10,,-1,200,0.5,uniclean,uniclean_repair,row,uniclean_diff,5000.0,rollback_no_improve,candidate,16,42,642,358,9,7,"{'no_action': 38, 'repair_value': 78, 'delete': 16, 'replace_nearby': 343}",78,276,True,result_assets/UnicleanResult/Uniclean_cleaned_data/artificial_error_cleaned_data/4_rayyan_075_cleaned_by_uniclean.csv,0,16,61.504607500000006,0.1114583333333333,0.1187072945521699,0.0072489612188365,0.1114583333333333,0.1187072945521699,0.0072489612188365,449,193,62.0,5.0,0.8,0.064516129032258,0.1194029850746268,outputs/experiments_20260519_final/demandprep/artificial/075/rayyan/20260519-212004,,,,,,,
tax,artificial,75.0,existing_tax_subset_10k,regression,ridge,rate,benchmark,True,False,3,10,,-1,1000,0.2,uniclean,uniclean_repair,row,none,1000.0,rollback_no_improve,candidate,0,42,9986,14,14,11,"{'no_action': 0, 'repair_value': 0, 'delete': 200, 'replace_nearby': 0}",0,3903,True,result_assets/UnicleanResult/Uniclean_cleaned_data/artificial_error_cleaned_data/5_tax_075_cleaned_by_uniclean.csv,0,200,138.85842583299998,0.3913913574153164,0.3918800034565763,0.0004886460412599,0.3944151632681204,0.3946670612966982,0.0002518980285778,6990,2996,775.0,213.0,0.5821596244131455,0.16,0.2510121457489878,outputs/experiments_20260519_final/demandprep/artificial/075/tax/20260519-222207,,,,,,200.0,2.0
beers,artificial,1.0,,classification,random_forest,style,benchmark,True,False,100,10,,-1,200,0.5,uniclean,uniclean_repair,row,uniclean_diff,5000.0,rollback_no_improve,candidate,211,42,2406,4,8,5,"{'no_action': 0, 'repair_value': 946, 'delete': 0, 'replace_nearby': 331}",946,373,True,result_assets/UnicleanResult/Uniclean_cleaned_data/artificial_error_cleaned_data/3_beers_1_cleaned_by_uniclean.csv,0,0,106.824283875,0.1642263105431521,0.1672635466510436,0.0030372361078915,0.1728072147578749,0.1906393988390231,0.0178321840811482,1633,701,4045.0,211.0,0.914691943127962,0.0477132262051916,0.0906954887218045,outputs/experiments_20260519_final/demandprep/artificial/1/beers/20260519-210922,,,,,,,
flights,artificial,1.0,,classification,random_forest,arrival_delay_bucket,benchmark,True,False,100,10,,-1,200,0.5,uniclean,uniclean_repair,row,uniclean_diff,5000.0,rollback_no_improve,candidate,139,42,2262,114,6,6,"{'no_action': 40, 'repair_value': 59, 'delete': 2, 'replace_nearby': 38}",59,276,True,result_assets/UnicleanResult/Uniclean_cleaned_data/artificial_error_cleaned_data/2_flights_1_cleaned_by_uniclean.csv,0,2,22.197957167,0.9941978877958392,0.9941978877958392,0.0,1.0,1.0,0.0,1583,679,139.0,107.0,1.0,0.7697841726618705,0.8699186991869918,outputs/experiments_20260519_final/demandprep/artificial/1/flights/20260519-210202,,,,,,,
hospitals,artificial,1.0,,classification,random_forest,HospitalOwner,benchmark,True,False,100,10,,-1,200,0.5,uniclean,uniclean_repair,row,uniclean_diff,5000.0,rollback_no_improve,candidate,352,42,990,10,18,17,"{'no_action': 1801, 'repair_value': 0, 'delete': 735, 'replace_nearby': 18}",0,668,True,result_assets/UnicleanResult/Uniclean_cleaned_data/artificial_error_cleaned_data/1_hospital_1_cleaned_by_uniclean.csv,0,735,64.52373025,0.4927217881486994,0.4940767162359001,0.0013549280872007,1.0,1.0,0.0,693,297,332.0,278.0,0.9244604316546764,0.7740963855421686,0.8426229508196722,outputs/experiments_20260519_final/demandprep/artificial/1/hospitals/20260519-205455,,,,,,,
rayyan,artificial,1.0,,classification,random_forest,article_language,benchmark,True,False,100,10,,-1,200,0.5,uniclean,uniclean_repair,row,uniclean_diff,5000.0,rollback_no_improve,no_op_rollback,32,42,642,358,9,7,"{'no_action': 27, 'repair_value': 148, 'delete': 16, 'replace_nearby': 302}",148,307,True,result_assets/UnicleanResult/Uniclean_cleaned_data/artificial_error_cleaned_data/4_rayyan_1_cleaned_by_uniclean.csv,0,16,62.812018083,0.1255555555555555,0.1255555555555555,0.0,0.1257381615598886,0.1257381615598886,0.0,449,193,72.0,0.0,0.0,0.0,0.0,outputs/experiments_20260519_final/demandprep/artificial/1/rayyan/20260519-212108,outputs/experiments_20260519_final/demandprep/artificial/1/rayyan/20260519-212108/candidate_cleaned.csv,0.1257381615598886,0.1255555555555555,-0.000182606004333,0.3010752688172043,,
tax,artificial,1.0,existing_tax_subset_10k,regression,ridge,rate,benchmark,True,False,3,10,,-1,1000,0.2,uniclean,uniclean_repair,row,none,1000.0,rollback_no_improve,candidate,0,42,9986,14,14,11,"{'no_action': 0, 'repair_value': 0, 'delete': 200, 'replace_nearby': 0}",0,5197,True,result_assets/UnicleanResult/Uniclean_cleaned_data/artificial_error_cleaned_data/5_tax_1_cleaned_by_uniclean.csv,0,200,131.481787333,0.3778397131714975,0.3804395318208765,0.0025998186493789,0.3851738919517145,0.3853097112788542,0.0001358193271397,6990,2996,1106.0,223.0,0.4977578475336323,0.1003616636528029,0.1670428893905192,outputs/experiments_20260519_final/demandprep/artificial/1/tax/20260519-222429,,,,,,200.0,2.0
beers,artificial,125.0,,classification,random_forest,style,benchmark,True,False,100,10,,-1,200,0.5,uniclean,uniclean_repair,row,uniclean_diff,5000.0,rollback_no_improve,no_op_rollback,244,42,2406,4,8,5,"{'no_action': 0, 'repair_value': 665, 'delete': 0, 'replace_nearby': 648}",665,420,True,result_assets/UnicleanResult/Uniclean_cleaned_data/artificial_error_cleaned_data/3_beers_125_cleaned_by_uniclean.csv,0,0,54.554786375,0.1577311284576145,0.1577311284576145,0.0,0.1821640216417067,0.1821640216417067,0.0,1633,701,4083.0,0.0,0.0,0.0,0.0,outputs/experiments_20260519_final/demandprep/artificial/125/beers/20260519-211112,outputs/experiments_20260519_final/demandprep/artificial/125/beers/20260519-211112/candidate_cleaned.csv,0.1821640216417067,0.1682677011356599,-0.0138963205060468,0.1026115091287266,,
flights,artificial,125.0,,classification,random_forest,arrival_delay_bucket,benchmark,True,False,100,10,,-1,200,0.5,uniclean,uniclean_repair,row,uniclean_diff,5000.0,rollback_no_improve,no_op_rollback,154,42,2230,146,6,6,"{'no_action': 6, 'repair_value': 132, 'delete': 16, 'replace_nearby': 0}",132,304,True,result_assets/UnicleanResult/Uniclean_cleaned_data/artificial_error_cleaned_data/2_flights_125_cleaned_by_uniclean.csv,0,16,23.178030625,0.9953624531946348,0.9953624531946348,0.0,1.0,1.0,0.0,1561,669,154.0,0.0,0.0,0.0,0.0,outputs/experiments_20260519_final/demandprep/artificial/125/flights/20260519-210226,outputs/experiments_20260519_final/demandprep/artificial/125/flights/20260519-210226/candidate_cleaned.csv,1.0,0.7451759250061047,-0.2548240749938952,0.9934640522875816,,
hospitals,artificial,125.0,,classification,random_forest,HospitalOwner,benchmark,True,False,100,10,,-1,200,0.5,uniclean,uniclean_repair,row,uniclean_diff,5000.0,rollback_no_improve,no_op_rollback,521,42,988,12,18,17,"{'no_action': 2307, 'repair_value': 25, 'delete': 374, 'replace_nearby': 16}",25,938,True,result_assets/UnicleanResult/Uniclean_cleaned_data/artificial_error_cleaned_data/1_hospital_125_cleaned_by_uniclean.csv,0,374,64.316345583,0.6013241660300483,0.6013241660300483,0.0,1.0,1.0,0.0,691,297,392.0,0.0,0.0,0.0,0.0,outputs/experiments_20260519_final/demandprep/artificial/125/hospitals/20260519-205602,outputs/experiments_20260519_final/demandprep/artificial/125/hospitals/20260519-205602/candidate_cleaned.csv,1.0,0.9963241653693132,-0.0036758346306867,0.6222826086956521,,
rayyan,artificial,125.0,,classification,random_forest,article_language,benchmark,True,False,100,10,,-1,200,0.5,uniclean,uniclean_repair,row,uniclean_diff,5000.0,rollback_no_improve,candidate,27,42,642,358,9,7,"{'no_action': 24, 'repair_value': 214, 'delete': 9, 'replace_nearby': 239}",214,298,True,result_assets/UnicleanResult/Uniclean_cleaned_data/artificial_error_cleaned_data/4_rayyan_125_cleaned_by_uniclean.csv,0,9,64.40220391599999,0.1187072945521699,0.1187072945521699,0.0,0.1187072945521699,0.1187072945521699,0.0,449,193,77.0,12.0,0.6666666666666666,0.1038961038961039,0.1797752808988764,outputs/experiments_20260519_final/demandprep/artificial/125/rayyan/20260519-212213,,,,,,,
tax,artificial,125.0,existing_tax_subset_10k,regression,ridge,rate,benchmark,True,False,3,10,,-1,1000,0.2,uniclean,uniclean_repair,row,none,1000.0,rollback_no_improve,candidate,0,42,9986,14,14,11,"{'no_action': 0, 'repair_value': 0, 'delete': 200, 'replace_nearby': 0}",0,6564,True,result_assets/UnicleanResult/Uniclean_cleaned_data/artificial_error_cleaned_data/5_tax_125_cleaned_by_uniclean.csv,0,200,151.34485750000002,0.3733939091957383,0.3742554364843606,0.0008615272886223,0.3788121261462965,0.3788140441891676,1.9180428710852127e-06,6990,2996,1273.0,237.0,0.4556962025316455,0.0848389630793401,0.143046357615894,outputs/experiments_20260519_final/demandprep/artificial/125/tax/20260519-222642,,,,,,200.0,2.0
beers,artificial,15.0,,classification,random_forest,style,benchmark,True,False,100,10,,-1,200,0.5,uniclean,uniclean_repair,row,uniclean_diff,5000.0,rollback_no_improve,no_op_rollback,308,42,2406,4,8,5,"{'no_action': 2, 'repair_value': 345, 'delete': 88, 'replace_nearby': 941}",345,539,True,result_assets/UnicleanResult/Uniclean_cleaned_data/artificial_error_cleaned_data/3_beers_15_cleaned_by_uniclean.csv,0,88,114.23076975,0.1730752243577996,0.1730752243577996,0.0,0.1781407406013186,0.1781407406013186,0.0,1633,701,4145.0,0.0,0.0,0.0,0.0,outputs/experiments_20260519_final/demandprep/artificial/15/beers/20260519-211207,outputs/experiments_20260519_final/demandprep/artificial/15/beers/20260519-211207/candidate_cleaned.csv,0.1781407406013186,0.1656493133716924,-0.0124914272296262,0.1289018639119694,,
flights,artificial,15.0,,classification,random_forest,arrival_delay_bucket,benchmark,True,False,100,10,,-1,200,0.5,uniclean,uniclean_repair,row,uniclean_diff,5000.0,rollback_no_improve,no_op_rollback,207,42,2201,175,6,6,"{'no_action': 2, 'repair_value': 142, 'delete': 9, 'replace_nearby': 54}",142,405,True,result_assets/UnicleanResult/Uniclean_cleaned_data/artificial_error_cleaned_data/2_flights_15_cleaned_by_uniclean.csv,0,9,25.899851917,0.9938621633379512,0.9938621633379512,0.0,1.0,1.0,0.0,1540,661,207.0,0.0,0.0,0.0,0.0,outputs/experiments_20260519_final/demandprep/artificial/15/flights/20260519-210251,outputs/experiments_20260519_final/demandprep/artificial/15/flights/20260519-210251/candidate_cleaned.csv,1.0,0.997489014438167,-0.002510985561833,0.9782082324455206,,
hospitals,artificial,15.0,,classification,random_forest,HospitalOwner,benchmark,True,False,100,10,,-1,200,0.5,uniclean,uniclean_repair,row,uniclean_diff,5000.0,rollback_no_improve,no_op_rollback,705,42,985,15,18,17,"{'no_action': 1302, 'repair_value': 496, 'delete': 14, 'replace_nearby': 1086}",496,1238,True,result_assets/UnicleanResult/Uniclean_cleaned_data/artificial_error_cleaned_data/1_hospital_15_cleaned_by_uniclean.csv,0,14,76.695175334,0.466605542427547,0.466605542427547,0.0,0.7248807364106699,0.7248807364106699,0.0,689,296,486.0,0.0,0.0,0.0,0.0,outputs/experiments_20260519_final/demandprep/artificial/15/hospitals/20260519-205708,outputs/experiments_20260519_final/demandprep/artificial/15/hospitals/20260519-205708/candidate_cleaned.csv,0.7248807364106699,0.72316662560565,-0.0017141108050198,0.6568181818181817,,
rayyan,artificial,15.0,,classification,random_forest,article_language,benchmark,True,False,100,10,,-1,200,0.5,uniclean,uniclean_repair,row,uniclean_diff,5000.0,rollback_no_improve,candidate,35,42,642,358,9,7,"{'no_action': 45, 'repair_value': 140, 'delete': 9, 'replace_nearby': 308}",140,313,True,result_assets/UnicleanResult/Uniclean_cleaned_data/artificial_error_cleaned_data/4_rayyan_15_cleaned_by_uniclean.csv,0,9,59.026384125,0.1188888888888888,0.127186387020182,0.0082974981312931,0.1188888888888888,0.127186387020182,0.0082974981312931,449,193,96.0,11.0,0.9090909090909092,0.1041666666666666,0.1869158878504673,outputs/experiments_20260519_final/demandprep/artificial/15/rayyan/20260519-212320,,,,,,,
tax,artificial,15.0,existing_tax_subset_10k,regression,ridge,rate,benchmark,True,False,3,10,,-1,1000,0.2,uniclean,uniclean_repair,row,none,1000.0,rollback_no_improve,candidate,0,42,9986,14,14,11,"{'no_action': 0, 'repair_value': 0, 'delete': 200, 'replace_nearby': 0}",0,7257,True,result_assets/UnicleanResult/Uniclean_cleaned_data/artificial_error_cleaned_data/5_tax_15_cleaned_by_uniclean.csv,0,200,144.36763575,0.3679017349246811,0.3684420080627179,0.0005402731380367,0.377245553865823,0.3772629742447992,1.74203789762295e-05,6990,2996,1566.0,238.0,0.4915966386554621,0.0747126436781609,0.1297117516629711,outputs/experiments_20260519_final/demandprep/artificial/15/tax/20260519-222917,,,,,,200.0,2.0
beers,artificial,175.0,,classification,random_forest,style,benchmark,True,False,100,10,,-1,200,0.5,uniclean,uniclean_repair,row,uniclean_diff,5000.0,rollback_no_improve,candidate,341,42,2406,4,8,5,"{'no_action': 0, 'repair_value': 376, 'delete': 0, 'replace_nearby': 1037}",376,578,True,result_assets/UnicleanResult/Uniclean_cleaned_data/artificial_error_cleaned_data/3_beers_175_cleaned_by_uniclean.csv,0,0,114.767872,0.1650069757271569,0.1787072693397111,0.0137002936125542,0.1649986491678301,0.1800051485111842,0.0150064993433541,1633,701,4190.0,341.0,0.9413489736070382,0.0766109785202864,0.141690576031781,outputs/experiments_20260519_final/demandprep/artificial/175/beers/20260519-211403,,,,,,,
flights,artificial,175.0,,classification,random_forest,arrival_delay_bucket,benchmark,True,False,100,10,,-1,200,0.5,uniclean,uniclean_repair,row,uniclean_diff,5000.0,rollback_no_improve,candidate,231,42,2177,199,6,6,"{'no_action': 47, 'repair_value': 77, 'delete': 1, 'replace_nearby': 106}",77,453,True,result_assets/UnicleanResult/Uniclean_cleaned_data/artificial_error_cleaned_data/2_flights_175_cleaned_by_uniclean.csv,0,1,25.500780792,0.7449874264029371,0.7469375058325816,0.0019500794296444,1.0,1.0,0.0,1523,654,231.0,198.0,1.0,0.8571428571428571,0.923076923076923,outputs/experiments_20260519_final/demandprep/artificial/175/flights/20260519-210320,,,,,,,
hospitals,artificial,175.0,,classification,random_forest,HospitalOwner,benchmark,True,False,100,10,,-1,200,0.5,uniclean,uniclean_repair,row,uniclean_diff,5000.0,rollback_no_improve,candidate,674,42,983,17,18,17,"{'no_action': 2458, 'repair_value': 4, 'delete': 402, 'replace_nearby': 2}",4,1230,True,result_assets/UnicleanResult/Uniclean_cleaned_data/artificial_error_cleaned_data/1_hospital_175_cleaned_by_uniclean.csv,0,402,64.951482625,0.610760368606715,0.614637789395071,0.0038774207883559,0.8881811748053786,1.0,0.1118188251946213,688,295,562.0,542.0,0.7214022140221402,0.6957295373665481,0.7083333333333334,outputs/experiments_20260519_final/demandprep/artificial/175/hospitals/20260519-205827,,,,,,,
rayyan,artificial,175.0,,classification,random_forest,article_language,benchmark,True,False,100,10,,-1,200,0.5,uniclean,uniclean_repair,row,uniclean_diff,5000.0,rollback_no_improve,candidate,32,42,642,358,9,7,"{'no_action': 5, 'repair_value': 125, 'delete': 0, 'replace_nearby': 367}",125,307,True,result_assets/UnicleanResult/Uniclean_cleaned_data/artificial_error_cleaned_data/4_rayyan_175_cleaned_by_uniclean.csv,0,0,64.881895917,0.1255555555555555,0.1257381615598886,0.000182606004333,0.1253739612188365,0.1257381615598886,0.000364200341052,449,193,107.0,31.0,0.7419354838709677,0.2149532710280373,0.3333333333333333,outputs/experiments_20260519_final/demandprep/artificial/175/rayyan/20260519-212421,,,,,,,
tax,artificial,175.0,existing_tax_subset_10k,regression,ridge,rate,benchmark,True,False,3,10,,-1,1000,0.2,uniclean,uniclean_repair,row,none,1000.0,rollback_no_improve,no_op_rollback,0,42,9986,14,14,11,"{'no_action': 0, 'repair_value': 0, 'delete': 200, 'replace_nearby': 0}",0,8374,True,result_assets/UnicleanResult/Uniclean_cleaned_data/artificial_error_cleaned_data/5_tax_175_cleaned_by_uniclean.csv,0,200,159.674710083,0.3764192164898123,0.3764192164898123,0.0,0.3833213003257936,0.3833213003257936,0.0,6990,2996,1860.0,0.0,0.0,0.0,0.0,outputs/experiments_20260519_final/demandprep/artificial/175/tax/20260519-223145,outputs/experiments_20260519_final/demandprep/artificial/175/tax/20260519-223145/candidate_cleaned.csv,0.3833213003257936,0.3831615657766242,-0.0001597345491693,0.1115347950428979,200.0,2.0
beers,artificial,2.0,,classification,random_forest,style,benchmark,True,False,100,10,,-1,200,0.5,uniclean,uniclean_repair,row,uniclean_diff,5000.0,rollback_no_improve,candidate,394,42,2406,4,8,5,"{'no_action': 0, 'repair_value': 454, 'delete': 0, 'replace_nearby': 1014}",454,669,True,result_assets/UnicleanResult/Uniclean_cleaned_data/artificial_error_cleaned_data/3_beers_2_cleaned_by_uniclean.csv,0,0,118.882993584,0.1688826397741053,0.1815829254357099,0.0127002856616046,0.1698773794848675,0.1756667695685362,0.0057893900836687,1633,701,4242.0,394.0,0.9137055837563453,0.0848656294200848,0.1553062985332182,outputs/experiments_20260519_final/demandprep/artificial/2/beers/20260519-211600,,,,,,,
flights,artificial,2.0,,classification,random_forest,arrival_delay_bucket,benchmark,True,False,100,10,,-1,200,0.5,uniclean,uniclean_repair,row,uniclean_diff,5000.0,rollback_no_improve,no_op_rollback,253,42,2140,236,6,6,"{'no_action': 32, 'repair_value': 33, 'delete': 42, 'replace_nearby': 146}",33,497,True,result_assets/UnicleanResult/Uniclean_cleaned_data/artificial_error_cleaned_data/2_flights_2_cleaned_by_uniclean.csv,0,42,26.529475208,0.7420406450037318,0.7420406450037318,0.0,1.0,1.0,0.0,1498,642,253.0,0.0,0.0,0.0,0.0,outputs/experiments_20260519_final/demandprep/artificial/2/flights/20260519-210347,outputs/experiments_20260519_final/demandprep/artificial/2/flights/20260519-210347/candidate_cleaned.csv,1.0,0.9973898274783232,-0.0026101725216768,0.9609856262833676,,
hospitals,artificial,2.0,,classification,random_forest,HospitalOwner,benchmark,True,False,100,10,,-1,200,0.5,uniclean,uniclean_repair,row,uniclean_diff,5000.0,rollback_no_improve,candidate,848,42,980,20,18,17,"{'no_action': 1212, 'repair_value': 1, 'delete': 1819, 'replace_nearby': 0}",1,1448,True,result_assets/UnicleanResult/Uniclean_cleaned_data/artificial_error_cleaned_data/1_hospital_2_cleaned_by_uniclean.csv,0,1819,72.529650792,0.5610033191358735,0.605211161387632,0.0442078422517584,0.8767773428060509,0.8767773428060509,0.0,686,294,629.0,756.0,0.6124338624338624,0.7360890302066773,0.6685920577617328,outputs/experiments_20260519_final/demandprep/artificial/2/hospitals/20260519-205934,,,,,,,
rayyan,artificial,2.0,,classification,random_forest,article_language,benchmark,True,False,100,10,,-1,200,0.5,uniclean,uniclean_repair,row,uniclean_diff,5000.0,rollback_no_improve,candidate,31,42,642,358,9,7,"{'no_action': 1, 'repair_value': 224, 'delete': 7, 'replace_nearby': 261}",224,306,True,result_assets/UnicleanResult/Uniclean_cleaned_data/artificial_error_cleaned_data/4_rayyan_2_cleaned_by_uniclean.csv,0,7,67.59780283399999,0.1118016759776536,0.1253739612188365,0.0135722852411829,0.1118016759776536,0.1253739612188365,0.0135722852411829,449,193,104.0,31.0,0.8709677419354839,0.2596153846153846,0.3999999999999999,outputs/experiments_20260519_final/demandprep/artificial/2/rayyan/20260519-212528,,,,,,,
tax,artificial,2.0,existing_tax_subset_10k,regression,ridge,rate,benchmark,True,False,3,10,,-1,1000,0.2,uniclean,uniclean_repair,row,none,1000.0,rollback_no_improve,candidate,0,42,9986,14,14,11,"{'no_action': 0, 'repair_value': 0, 'delete': 200, 'replace_nearby': 0}",0,9336,True,result_assets/UnicleanResult/Uniclean_cleaned_data/artificial_error_cleaned_data/5_tax_2_cleaned_by_uniclean.csv,0,200,160.086226792,0.3720306241963909,0.371649597693901,-0.0003810265024898,0.3803882501150668,0.380604740163883,0.0002164900488161,6990,2996,2040.0,271.0,0.4538745387453874,0.0602941176470588,0.1064474253569883,outputs/experiments_20260519_final/demandprep/artificial/2/tax/20260519-223428,,,,,,200.0,2.0
beers,original,,,classification,random_forest,style,benchmark,True,False,300,10,,-1,200,0.5,uniclean,uniclean_repair,row,uniclean_diff,,,,3338,42,2406,4,8,7,"{'no_action': 0, 'repair_value': 211, 'delete': 0, 'replace_nearby': 4207}",211,4057,True,result_assets/UnicleanResult/Uniclean_cleaned_data/original_error_cleaned_data/3_beers_cleaned_by_uniclean.csv,0,0,1293.9341305,0.1580900397153202,0.1603510909526608,0.0022610512373405,0.1511084721061628,0.1929029605225975,0.0417944884164346,1682,722,3352.0,3338.0,0.8388256440982624,0.8353221957040573,0.8370702541106129,outputs/experiments_20260519_final/demandprep/original/native/beers/20260519-183742,,,,,,,
flights,original,,,classification,random_forest,arrival_delay_bucket,benchmark,True,False,300,10,,-1,200,0.5,uniclean,uniclean_repair,row,uniclean_diff,,,,1122,42,1083,1293,6,6,"{'no_action': 7, 'repair_value': 282, 'delete': 0, 'replace_nearby': 833}",282,2080,True,result_assets/UnicleanResult/Uniclean_cleaned_data/original_error_cleaned_data/2_flights_cleaned_by_uniclean.csv,0,0,202.400204625,0.915000755687032,0.8023739311496549,-0.1126268245373771,0.9854369009933728,0.8685504179283908,-0.1168864830649819,758,325,1051.0,1115.0,0.4556053811659193,0.483349191246432,0.4690674053554939,outputs/experiments_20260519_final/demandprep/original/native/flights/20260519-183417,,,,,,,
hospitals,original,,,classification,random_forest,HospitalOwner,benchmark,True,False,300,10,,-1,200,0.5,uniclean,uniclean_repair,row,uniclean_diff,,,,418,42,1000,0,18,18,"{'no_action': 2263, 'repair_value': 0, 'delete': 408, 'replace_nearby': 4}",0,863,True,result_assets/UnicleanResult/Uniclean_cleaned_data/original_error_cleaned_data/1_hospital_cleaned_by_uniclean.csv,0,408,229.009473667,0.4927264222928504,0.4916109197133461,-0.0011155025795042,1.0,1.0,0.0,700,300,482.0,177.0,0.9548022598870056,0.3506224066390041,0.5128983308042487,outputs/experiments_20260519_final/demandprep/original/native/hospitals/20260519-183025,,,,,,,
rayyan,original,,,classification,random_forest,article_language,benchmark,True,False,300,10,,-1,200,0.5,uniclean,uniclean_repair,row,uniclean_diff,,,,695,42,642,358,9,7,"{'no_action': 548, 'repair_value': 0, 'delete': 603, 'replace_nearby': 0}",0,1397,True,result_assets/UnicleanResult/Uniclean_cleaned_data/original_error_cleaned_data/4_rayyan_cleaned_by_uniclean.csv,0,603,319.63656375000005,0.1625147579693034,0.1418623159570234,-0.0206524420122799,0.1537615046018407,0.1322222222222222,-0.0215392823796185,449,193,723.0,335.0,0.9253731343283582,0.4287690179806362,0.5860113421550094,outputs/experiments_20260519_final/demandprep/original/native/rayyan/20260519-185920,,,,,,,
tax,original,,existing_cluster_subset_10k,regression,ridge,rate,benchmark,True,False,300,10,,-1,200,0.5,uniclean,uniclean_repair,row,uniclean_diff,,,,200,42,9950,50,14,8,"{'no_action': 0, 'repair_value': 0, 'delete': 246, 'replace_nearby': 1}",0,400,True,result_assets/UnicleanResult/Uniclean_cleaned_data/original_error_cleaned_data/5_tax50k_cleaned_by_uniclean.csv,0,246,485.127660458,0.5729178972380502,0.5735899246342776,0.0006720273962274,0.5751096948080131,0.575619870526217,0.0005101757182038,6965,2985,165.0,200.0,0.635,0.7696969696969697,0.695890410958904,outputs/experiments_20260519_final/demandprep/original/native/tax/20260519-190442,,,,,,,
