index,src,flight,sched_dep_time,act_dep_time,sched_arr_time,act_arr_time,arrival_delay_bucket
1,aa,AA-3859-IAH-ORD,07:10 AM,07:16 AM,09:40 AM,09:32 AM,early
4,aa,AA-518-MIA-JFK,06:40 AM,06:54 AM,09:25 AM,09:28 AM,on_time
5,aa,AA-3756-ORD-SLC,12:15 PM,12:41 PM,02:45 PM,02:50 PM,on_time
7,aa,AA-3468-CVG-MIA,07:00 AM,07:25 AM,09:55 AM,09:45 AM,early
8,aa,AA-484-DFW-MIA,04:15 PM,04:29 PM,07:55 PM,07:39 PM,early
9,aa,AA-446-DFW-PHL,11:50 AM,12:12 PM,03:50 PM,04:09 PM,late
10,aa,AA-466-IAH-MIA,06:00 AM,06:08 AM,09:20 AM,09:05 AM,early
11,aa,AA-1886-BOS-MIA,10:45 AM,10:55 AM,02:20 PM,01:40 PM,early
12,aa,AA-2957-DFW-CVG,07:55 AM,08:04 AM,11:05 AM,11:01 AM,on_time
13,aa,AA-1664-MIA-ATL,10:15 AM,10:18 AM,12:10 PM,11:56 AM,early
14,aa,AA-3979-CVG-ORD,07:30 AM,08:04 AM,08:00 AM,08:06 AM,on_time
15,aa,AA-1279-DFW-PHX,01:00 PM,02:04 PM,02:35 PM,03:30 PM,late
16,aa,AA-616-DFW-DTW,09:05 AM,10:10 AM,12:35 PM,01:27 PM,late
17,aa,AA-4344-ORD-DTW,11:45 AM,12:13 PM,02:00 PM,02:10 PM,on_time
18,aa,AA-2525-DFW-MIA,07:25 AM,07:39 AM,11:10 AM,11:06 AM,on_time
19,aa,AA-404-MIA-MCO,06:45 AM,06:57 AM,07:45 AM,07:40 AM,early
20,aa,AA-271-MIA-LAX,11:35 AM,11:52 AM,02:25 PM,02:27 PM,on_time
21,aa,AA-2050-ORD-MIA,10:40 AM,11:05 AM,02:45 PM,02:46 PM,on_time
22,aa,AA-4330-CVG-ORD,03:35 PM,03:36 PM,04:00 PM,03:33 PM,early
23,aa,AA-1434-DFW-MCO,07:15 AM,07:21 AM,10:35 AM,10:36 AM,on_time
24,aa,AA-4307-ORD-DTW,06:45 PM,06:55 PM,09:10 PM,08:53 PM,early
25,aa,AA-3-JFK-LAX,12:00 PM,12:11 PM,03:15 PM,03:16 PM,on_time
26,aa,AA-3842-MSP-ORD,06:00 AM,06:56 AM,07:30 AM,07:51 AM,late
27,aa,AA-643-MIA-ORD,07:10 AM,07:30 AM,09:35 AM,09:31 AM,on_time
28,aa,AA-1007-MIA-PHX,04:55 PM,05:08 PM,08:05 PM,07:55 PM,early
29,aa,AA-1221-MCO-ORD,08:00 PM,08:23 PM,09:45 PM,09:53 PM,on_time
30,aa,AA-400-DFW-JFK,10:40 AM,11:01 AM,02:59 PM,03:04 PM,on_time
31,aa,AA-4198-ORD-CLE,10:40 AM,10:54 AM,12:55 PM,12:50 PM,early
35,aa,AA-1165-JFK-MIA,06:59 AM,07:22 AM,10:34 AM,10:04 AM,early
36,aa,AA-431-MIA-SFO,08:35 AM,08:51 AM,11:50 AM,11:44 AM,early
39,aa,AA-3804-PHL-ORD,02:35 PM,02:44 PM,04:05 PM,03:43 PM,early
40,aa,AA-1917-JFK-MCO,02:55 PM,03:27 PM,05:55 PM,05:43 PM,early
41,aa,AA-2268-PHX-ORD,07:15 AM,07:22 AM,11:35 AM,11:06 AM,early
42,aa,AA-4277-CVG-JFK,12:10 PM,12:10 PM,02:15 PM,01:43 PM,early
43,aa,AA-789-ORD-DEN,01:05 PM,01:19 PM,02:35 PM,03:13 PM,late
44,aa,AA-415-BOS-ORD,08:35 AM,08:56 AM,10:40 AM,10:16 AM,early
45,aa,AA-85-JFK-SFO,03:05 PM,03:36 PM,06:30 PM,06:43 PM,on_time
46,aa,AA-1544-SAN-ORD,11:25 AM,11:40 AM,05:25 PM,04:56 PM,early
47,aa,AA-3786-IAH-ORD,04:00 PM,04:12 PM,06:40 PM,06:15 PM,early
48,aa,AA-222-LAX-BOS,07:10 AM,07:31 AM,03:30 PM,03:14 PM,early
49,aa,AA-3809-PHX-LAX,06:00 AM,06:10 AM,06:40 AM,06:19 AM,early
50,aa,AA-59-JFK-SFO,07:10 AM,07:39 AM,10:45 AM,11:12 AM,late
151,boston,AA-3859-IAH-ORD,07:10 AM,07:16 AM,09:40 AM,09:22 AM,early
153,boston,AA-518-MIA-JFK,06:40 AM,06:54 AM,09:25 AM,09:12 AM,early
154,boston,UA-397-JFK-SFO,08:00 AM,08:49 AM,11:55 AM,11:35 AM,early
157,boston,AA-3-JFK-LAX,12:00 PM,12:12 PM,03:15 PM,03:10 PM,early
158,boston,UA-2830-MCO-CLT,03:27 PM,03:50 PM,05:05 PM,05:17 PM,on_time
164,boston,UA-2726-FLL-PHL,04:00 PM,04:10 PM,06:46 PM,06:25 PM,early
167,boston,AA-616-DFW-DTW,09:05 AM,10:11 AM,12:35 PM,01:18 PM,late
169,boston,AA-3468-CVG-MIA,07:00 AM,07:25 AM,09:55 AM,09:42 AM,early
170,boston,AA-484-DFW-MIA,04:15 PM,04:30 PM,07:55 PM,07:35 PM,early
175,boston,AA-446-DFW-PHL,11:50 AM,12:13 PM,03:50 PM,04:09 PM,late
177,boston,AA-466-IAH-MIA,06:00 AM,06:09 AM,09:20 AM,09:00 AM,early
178,boston,UA-3050-PHX-CLT,11:05 AM,11:45 AM,04:57 PM,05:03 PM,on_time
181,boston,AA-1664-MIA-ATL,10:15 AM,10:19 AM,12:10 PM,11:50 AM,early
182,boston,AA-1279-DFW-PHX,01:00 PM,02:04 PM,02:35 PM,03:19 PM,late
186,boston,UA-257-JFK-SFO,02:30 PM,02:43 PM,06:15 PM,05:28 PM,early
187,boston,UA-2945-PHL-CLT,12:00 PM,12:08 PM,01:45 PM,01:14 PM,early
190,boston,AA-2050-ORD-MIA,10:40 AM,11:06 AM,02:45 PM,02:37 PM,early
193,boston,AA-1434-DFW-MCO,07:15 AM,07:22 AM,10:35 AM,10:29 AM,early
195,boston,AA-4307-ORD-DTW,06:45 PM,06:56 PM,09:10 PM,08:43 PM,early
198,boston,CO-1193-EWR-MCO,09:15 AM,09:58 AM,12:18 PM,12:03 PM,early
199,boston,AA-3842-MSP-ORD,06:00 AM,06:57 AM,07:30 AM,07:51 AM,late
200,boston,AA-643-MIA-ORD,07:10 AM,07:31 AM,09:35 AM,09:29 AM,early
202,boston,UA-2906-PHL-MCO,03:50 PM,04:46 PM,06:23 PM,06:36 PM,on_time
204,boston,AA-1221-MCO-ORD,08:00 PM,08:23 PM,09:45 PM,09:49 PM,on_time
207,boston,AA-400-DFW-JFK,10:40 AM,11:02 AM,02:59 PM,02:56 PM,on_time
208,boston,UA-664-ORD-PHL,01:33 PM,01:48 PM,04:31 PM,04:18 PM,early
209,boston,AA-3756-ORD-SLC,12:15 PM,12:42 PM,02:45 PM,02:52 PM,on_time
215,boston,AA-1165-JFK-MIA,06:59 AM,07:23 AM,10:34 AM,09:58 AM,early
216,boston,AA-431-MIA-SFO,08:35 AM,08:52 AM,11:50 AM,11:40 AM,early
229,boston,AA-3804-PHL-ORD,02:35 PM,02:44 PM,04:05 PM,03:36 PM,early
230,boston,AA-1917-JFK-MCO,02:55 PM,03:28 PM,05:55 PM,05:34 PM,early
231,boston,AA-2268-PHX-ORD,07:15 AM,07:23 AM,11:35 AM,11:07 AM,early
232,boston,AA-4277-CVG-JFK,12:10 PM,12:11 PM,02:15 PM,01:40 PM,early
233,boston,AA-2957-DFW-CVG,07:55 AM,08:05 AM,11:05 AM,11:00 AM,early
235,boston,AA-789-ORD-DEN,01:05 PM,01:20 PM,02:35 PM,03:01 PM,late
237,boston,AA-85-JFK-SFO,03:05 PM,03:38 PM,06:30 PM,06:36 PM,on_time
238,boston,AA-3979-CVG-ORD,07:30 AM,08:04 AM,08:00 AM,07:57 AM,on_time
240,boston,AA-3786-IAH-ORD,04:00 PM,04:12 PM,06:40 PM,06:09 PM,early
241,boston,AA-271-MIA-LAX,11:35 AM,11:52 AM,02:25 PM,02:18 PM,early
242,boston,AA-2525-DFW-MIA,07:25 AM,07:40 AM,11:10 AM,10:53 AM,early
244,boston,UA-3099-PHX-PHL,11:55 AM,11:55 AM,06:17 PM,05:35 PM,early
245,boston,AA-4198-ORD-CLE,10:40 AM,10:55 AM,12:55 PM,12:48 PM,early
246,boston,AA-404-MIA-MCO,06:45 AM,06:58 AM,07:45 AM,07:32 AM,early
247,boston,CO-45-EWR-MIA,04:00 PM,04:15 PM,07:05 PM,06:33 PM,early
248,boston,AA-3809-PHX-LAX,06:00 AM,06:11 AM,06:40 AM,06:07 AM,early
249,boston,AA-59-JFK-SFO,07:10 AM,07:40 AM,10:45 AM,11:00 AM,on_time
250,boston,AA-222-LAX-BOS,07:10 AM,07:32 AM,03:30 PM,03:09 PM,early
252,weather,AA-518-MIA-JFK,06:40 AM,06:54 AM,09:25 AM,09:09 AM,early
253,weather,UA-397-JFK-SFO,08:00 AM,08:49 AM,11:55 AM,11:34 AM,early
256,weather,AA-1640-MIA-MCO,06:30 PM,06:56 PM,07:25 PM,07:35 PM,on_time
261,weather,AA-204-LAX-MCO,11:25 PM,11:58 PM,06:55 AM,07:02 AM,on_time
271,weather,AA-466-IAH-MIA,06:00 AM,06:09 AM,09:20 AM,08:50 AM,early
276,weather,AA-1664-MIA-ATL,10:15 AM,10:19 AM,12:10 PM,11:50 AM,early
278,weather,AA-1279-DFW-PHX,01:00 PM,02:04 PM,02:35 PM,03:13 PM,late
280,weather,AA-616-DFW-DTW,09:05 AM,10:11 AM,12:35 PM,01:11 PM,late
283,weather,AA-2525-DFW-MIA,07:25 AM,07:40 AM,11:10 AM,10:52 AM,early
284,weather,AA-271-MIA-LAX,11:35 AM,11:52 AM,02:25 PM,02:17 PM,early
285,weather,AA-2050-ORD-MIA,10:40 AM,11:06 AM,02:45 PM,02:36 PM,early
286,weather,AA-1434-DFW-MCO,07:15 AM,07:22 AM,10:35 AM,10:34 AM,on_time
289,weather,AA-3-JFK-LAX,12:00 PM,12:12 PM,03:15 PM,03:09 PM,early
294,weather,AA-643-MIA-ORD,07:10 AM,07:31 AM,09:35 AM,09:23 AM,early
300,weather,AA-400-DFW-JFK,10:40 AM,11:02 AM,02:59 PM,02:52 PM,early
302,weather,AA-1522-SFO-ORD,11:55 PM,12:11 AM,05:50 AM,05:49 AM,on_time
303,weather,UA-233-LAX-JFK,04:25 PM,04:30 PM,12:29 AM,11:56 PM,early
305,weather,AA-2312-DFW-DTW,08:25 PM,08:44 PM,11:50 PM,11:54 PM,on_time
306,weather,AA-1165-JFK-MIA,06:59 AM,07:23 AM,10:34 AM,09:56 AM,early
307,weather,AA-431-MIA-SFO,08:35 AM,08:52 AM,11:50 AM,11:39 AM,early
320,weather,AA-2268-PHX-ORD,07:15 AM,07:23 AM,11:35 AM,11:04 AM,early
325,weather,AA-789-ORD-DEN,01:05 PM,01:20 PM,02:35 PM,02:49 PM,on_time
326,weather,UA-854-SFO-IAH,07:53 AM,08:07 AM,01:39 PM,01:23 PM,early
333,weather,AA-404-MIA-MCO,06:45 AM,06:58 AM,07:45 AM,07:40 AM,early
336,weather,AA-59-JFK-SFO,07:10 AM,07:40 AM,10:45 AM,10:49 AM,on_time
438,flightview,AA-3859-IAH-ORD,07:10 AM,07:16 AM,09:40 AM,09:22 AM,early
440,flightview,AA-518-MIA-JFK,06:40 AM,06:54 AM,09:25 AM,09:28 AM,on_time
441,flightview,UA-397-JFK-SFO,08:00 AM,08:49 AM,11:55 AM,11:58 AM,on_time
444,flightview,AA-3-JFK-LAX,12:00 PM,12:12 PM,03:15 PM,03:16 PM,on_time
445,flightview,UA-2830-MCO-CLT,03:27 PM,03:50 PM,05:05 PM,05:17 PM,on_time
451,flightview,UA-2726-FLL-PHL,04:00 PM,04:10 PM,06:46 PM,06:25 PM,early
454,flightview,AA-616-DFW-DTW,09:05 AM,10:11 AM,12:35 PM,01:18 PM,late
456,flightview,AA-3468-CVG-MIA,07:00 AM,07:25 AM,09:55 AM,09:45 AM,early
457,flightview,AA-484-DFW-MIA,04:15 PM,04:30 PM,07:55 PM,07:39 PM,early
462,flightview,AA-446-DFW-PHL,11:50 AM,12:13 PM,03:50 PM,04:09 PM,late
464,flightview,AA-466-IAH-MIA,06:00 AM,06:09 AM,09:20 AM,09:05 AM,early
465,flightview,UA-3050-PHX-CLT,11:05 AM,11:45 AM,04:57 PM,05:03 PM,on_time
468,flightview,AA-1664-MIA-ATL,10:15 AM,10:19 AM,12:10 PM,11:50 AM,early
469,flightview,AA-1279-DFW-PHX,01:00 PM,02:04 PM,02:35 PM,03:19 PM,late
473,flightview,UA-257-JFK-SFO,02:30 PM,02:43 PM,06:15 PM,05:42 PM,early
474,flightview,UA-2945-PHL-CLT,12:00 PM,12:08 PM,01:45 PM,01:14 PM,early
477,flightview,AA-2050-ORD-MIA,10:40 AM,11:06 AM,02:45 PM,02:46 PM,on_time
480,flightview,AA-1434-DFW-MCO,07:15 AM,07:22 AM,10:35 AM,10:29 AM,early
482,flightview,AA-4307-ORD-DTW,06:45 PM,06:56 PM,09:10 PM,08:43 PM,early
485,flightview,CO-1193-EWR-MCO,09:15 AM,09:58 AM,12:18 PM,12:09 PM,early
486,flightview,AA-3842-MSP-ORD,06:00 AM,06:57 AM,07:30 AM,07:51 AM,late
487,flightview,AA-643-MIA-ORD,07:10 AM,07:31 AM,09:35 AM,09:29 AM,early
489,flightview,UA-2906-PHL-MCO,03:50 PM,04:46 PM,06:23 PM,06:35 PM,on_time
491,flightview,AA-1221-MCO-ORD,08:00 PM,08:23 PM,09:45 PM,09:49 PM,on_time
494,flightview,AA-400-DFW-JFK,10:40 AM,11:02 AM,02:59 PM,03:04 PM,on_time
495,flightview,UA-664-ORD-PHL,01:33 PM,01:48 PM,04:31 PM,04:23 PM,early
496,flightview,AA-3756-ORD-SLC,12:15 PM,12:42 PM,02:45 PM,02:52 PM,on_time
502,flightview,AA-1165-JFK-MIA,06:59 AM,07:23 AM,10:34 AM,10:04 AM,early
503,flightview,AA-431-MIA-SFO,08:35 AM,08:52 AM,11:50 AM,11:44 AM,early
516,flightview,AA-3804-PHL-ORD,02:35 PM,02:44 PM,04:05 PM,03:36 PM,early
517,flightview,AA-1917-JFK-MCO,02:55 PM,03:28 PM,05:55 PM,05:34 PM,early
518,flightview,AA-2268-PHX-ORD,07:15 AM,07:23 AM,11:35 AM,11:07 AM,early
519,flightview,AA-4277-CVG-JFK,12:10 PM,12:11 PM,02:15 PM,01:43 PM,early
520,flightview,AA-2957-DFW-CVG,07:55 AM,08:05 AM,11:05 AM,11:00 AM,early
522,flightview,AA-789-ORD-DEN,01:05 PM,01:20 PM,02:35 PM,03:01 PM,late
524,flightview,AA-85-JFK-SFO,03:05 PM,03:38 PM,06:30 PM,06:43 PM,on_time
525,flightview,AA-3979-CVG-ORD,07:30 AM,08:04 AM,08:00 AM,07:57 AM,on_time
527,flightview,AA-3786-IAH-ORD,04:00 PM,04:12 PM,06:40 PM,06:09 PM,early
528,flightview,AA-271-MIA-LAX,11:35 AM,11:52 AM,02:25 PM,02:27 PM,on_time
529,flightview,AA-2525-DFW-MIA,07:25 AM,07:40 AM,11:10 AM,11:06 AM,on_time
531,flightview,UA-3099-PHX-PHL,11:55 AM,11:55 AM,06:17 PM,06:17 PM,on_time
532,flightview,AA-4198-ORD-CLE,10:40 AM,10:55 AM,12:55 PM,12:48 PM,early
533,flightview,AA-404-MIA-MCO,06:45 AM,06:58 AM,07:45 AM,07:32 AM,early
534,flightview,CO-45-EWR-MIA,04:00 PM,04:15 PM,07:05 PM,06:36 PM,early
535,flightview,AA-3809-PHX-LAX,06:00 AM,06:11 AM,06:40 AM,06:19 AM,early
536,flightview,AA-59-JFK-SFO,07:10 AM,07:40 AM,10:45 AM,11:12 AM,late
537,flightview,AA-222-LAX-BOS,07:10 AM,07:32 AM,03:30 PM,03:14 PM,early
538,flightstats,AA-3859-IAH-ORD,07:10 AM,07:16 AM,09:40 AM,09:32 AM,early
539,flightstats,CO-1586-IAH-MCO,07:00 PM,07:14 PM,10:15 PM,10:29 PM,on_time
540,flightstats,AA-518-MIA-JFK,06:40 AM,06:54 AM,09:25 AM,09:28 AM,on_time
541,flightstats,UA-397-JFK-SFO,08:00 AM,08:29 AM,11:55 AM,11:58 AM,on_time
542,flightstats,UA-3925-IAD-ORF,08:41 AM,08:42 AM,09:54 AM,09:43 AM,early
544,flightstats,AA-4344-ORD-DTW,11:45 AM,12:13 PM,02:00 PM,02:10 PM,on_time
546,flightstats,UA-2830-MCO-CLT,03:27 PM,03:28 PM,05:05 PM,05:17 PM,on_time
547,flightstats,CO-58-DEN-IAH,11:25 AM,11:32 AM,02:50 PM,03:31 PM,late
549,flightstats,UA-414-LAX-SFO,06:00 AM,05:56 AM,07:23 AM,07:17 AM,early
550,flightstats,CO-1614-LAX-IAH,12:30 AM,12:41 AM,05:35 AM,05:26 AM,early
551,flightstats,UA-2726-FLL-PHL,04:00 PM,03:58 PM,06:46 PM,06:28 PM,early
552,flightstats,CO-52-IAH-LAX,07:35 AM,07:29 AM,09:21 AM,09:14 AM,early
553,flightstats,CO-1090-BOS-IAH,09:45 AM,10:19 AM,01:16 PM,01:19 PM,on_time
554,flightstats,AA-3468-CVG-MIA,07:00 AM,07:25 AM,09:55 AM,09:45 AM,early
555,flightstats,UA-3515-IAD-MSP,08:15 AM,08:12 AM,10:06 AM,09:56 AM,early
556,flightstats,AA-484-DFW-MIA,04:15 PM,04:29 PM,07:55 PM,07:39 PM,early
557,flightstats,AA-616-DFW-DTW,09:05 AM,10:10 AM,12:35 PM,01:27 PM,late
558,flightstats,CO-62-IAH-EWR,02:30 PM,02:48 PM,07:03 PM,07:10 PM,on_time
559,flightstats,CO-63-EWR-IAH,05:25 PM,05:22 PM,08:22 PM,08:03 PM,early
560,flightstats,AA-446-DFW-PHL,11:50 AM,12:12 PM,03:50 PM,04:09 PM,late
561,flightstats,CO-1023-IAH-DEN,11:40 AM,11:56 AM,01:17 PM,01:14 PM,on_time
562,flightstats,AA-466-IAH-MIA,06:00 AM,06:08 AM,09:20 AM,09:05 AM,early
563,flightstats,UA-3050-PHX-CLT,11:05 AM,11:30 AM,04:57 PM,05:05 PM,on_time
564,flightstats,CO-89-IAH-EWR,06:00 AM,06:02 AM,10:20 AM,10:27 AM,on_time
565,flightstats,CO-1088-CLE-IAH,08:40 AM,08:40 AM,10:54 AM,10:56 AM,on_time
566,flightstats,AA-2957-DFW-CVG,07:55 AM,08:04 AM,11:05 AM,11:01 AM,on_time
567,flightstats,AA-1664-MIA-ATL,10:15 AM,10:18 AM,12:10 PM,11:56 AM,early
568,flightstats,AA-3979-CVG-ORD,07:30 AM,08:04 AM,08:00 AM,08:06 AM,on_time
570,flightstats,AA-404-MIA-MCO,06:45 AM,06:57 AM,07:45 AM,07:40 AM,early
571,flightstats,AA-3756-ORD-SLC,12:15 PM,12:41 PM,02:45 PM,02:50 PM,on_time
572,flightstats,UA-382-IAD-LAX,12:30 PM,12:35 PM,03:19 PM,03:21 PM,on_time
573,flightstats,UA-2945-PHL-CLT,12:00 PM,11:51 AM,01:45 PM,01:15 PM,early
575,flightstats,AA-271-MIA-LAX,11:35 AM,11:52 AM,02:25 PM,02:27 PM,on_time
576,flightstats,AA-2050-ORD-MIA,10:40 AM,11:05 AM,02:45 PM,02:46 PM,on_time
577,flightstats,UA-248-PHX-ORD,12:57 PM,01:32 PM,05:15 PM,05:34 PM,late
578,flightstats,AA-4330-CVG-ORD,03:35 PM,03:36 PM,04:00 PM,03:33 PM,early
579,flightstats,AA-1434-DFW-MCO,07:15 AM,07:21 AM,10:35 AM,10:36 AM,on_time
580,flightstats,CO-1561-PHX-IAH,08:05 AM,08:00 AM,11:35 AM,11:32 AM,on_time
581,flightstats,AA-4307-ORD-DTW,06:45 PM,06:55 PM,09:10 PM,08:53 PM,early
582,flightstats,AA-3-JFK-LAX,12:00 PM,12:11 PM,03:15 PM,03:16 PM,on_time
584,flightstats,UA-843-LAX-ORD,01:55 PM,02:10 PM,07:53 PM,07:58 PM,on_time
585,flightstats,CO-1193-EWR-MCO,09:15 AM,09:14 AM,12:18 PM,12:09 PM,early
586,flightstats,AA-3842-MSP-ORD,06:00 AM,06:56 AM,07:30 AM,07:51 AM,late
587,flightstats,AA-643-MIA-ORD,07:10 AM,07:30 AM,09:35 AM,09:31 AM,on_time
588,flightstats,AA-1007-MIA-PHX,04:55 PM,05:08 PM,08:05 PM,07:55 PM,early
589,flightstats,AA-2525-DFW-MIA,07:25 AM,07:39 AM,11:10 AM,11:06 AM,on_time
590,flightstats,UA-2906-PHL-MCO,03:50 PM,04:28 PM,06:23 PM,06:38 PM,on_time
591,flightstats,UA-938-DEN-ORD,04:16 PM,04:15 PM,07:35 PM,07:36 PM,on_time
592,flightstats,AA-1221-MCO-ORD,08:00 PM,08:23 PM,09:45 PM,09:53 PM,on_time
593,flightstats,CO-16-LAX-EWR,10:25 AM,10:20 AM,06:44 PM,06:34 PM,early
594,flightstats,UA-2515-DFW-CLT,07:05 AM,07:07 AM,10:31 AM,10:47 AM,late
595,flightstats,AA-400-DFW-JFK,10:40 AM,11:01 AM,02:59 PM,03:04 PM,on_time
596,flightstats,UA-664-ORD-PHL,01:33 PM,01:31 PM,04:31 PM,04:23 PM,early
597,flightstats,UA-37-EWR-MCO,01:29 PM,01:48 PM,04:17 PM,04:17 PM,on_time
602,flightstats,UA-2314-ATL-PHL,02:55 PM,02:46 PM,05:00 PM,04:47 PM,early
603,flightstats,AA-1165-JFK-MIA,06:59 AM,07:22 AM,10:34 AM,10:04 AM,early
604,flightstats,AA-431-MIA-SFO,08:35 AM,08:51 AM,11:50 AM,11:44 AM,early
605,flightstats,UA-257-JFK-SFO,02:30 PM,02:26 PM,06:15 PM,05:42 PM,early
606,flightstats,UA-3373-IAD-PHL,08:29 AM,08:26 AM,09:24 AM,09:13 AM,early
607,flightstats,CO-1250-MIA-IAH,02:53 PM,03:01 PM,04:48 PM,04:59 PM,on_time
610,flightstats,UA-2704-DTW-PHX,11:15 AM,11:15 AM,01:40 PM,02:00 PM,late
612,flightstats,UA-2708-EWR-CLT,02:55 PM,02:52 PM,04:53 PM,04:44 PM,early
613,flightstats,UA-62-IAH-EWR,02:30 PM,02:48 PM,07:03 PM,07:10 PM,on_time
614,flightstats,AA-3804-PHL-ORD,02:35 PM,02:44 PM,04:05 PM,03:43 PM,early
615,flightstats,AA-1917-JFK-MCO,02:55 PM,03:27 PM,05:55 PM,05:43 PM,early
616,flightstats,AA-2268-PHX-ORD,07:15 AM,07:22 AM,11:35 AM,11:06 AM,early
617,flightstats,AA-4277-CVG-JFK,12:10 PM,12:10 PM,02:15 PM,01:43 PM,early
618,flightstats,AA-789-ORD-DEN,01:05 PM,01:19 PM,02:35 PM,03:13 PM,late
619,flightstats,UA-854-SFO-IAH,07:53 AM,07:49 AM,01:39 PM,01:30 PM,early
620,flightstats,AA-415-BOS-ORD,08:35 AM,08:56 AM,10:40 AM,10:16 AM,early
621,flightstats,AA-85-JFK-SFO,03:05 PM,03:36 PM,06:30 PM,06:43 PM,on_time
622,flightstats,AA-3786-IAH-ORD,04:00 PM,04:12 PM,06:40 PM,06:15 PM,early
623,flightstats,AA-222-LAX-BOS,07:10 AM,07:31 AM,03:30 PM,03:14 PM,early
624,flightstats,CO-50-CLE-EWR,02:55 PM,03:31 PM,04:49 PM,05:26 PM,late
625,flightstats,UA-3099-PHX-PHL,11:55 AM,11:43 AM,06:17 PM,05:38 PM,early
626,flightstats,AA-4198-ORD-CLE,10:40 AM,10:54 AM,12:55 PM,12:50 PM,early
627,flightstats,CO-45-EWR-MIA,04:00 PM,03:58 PM,07:05 PM,06:36 PM,early
628,flightstats,AA-3809-PHX-LAX,06:00 AM,06:10 AM,06:40 AM,06:19 AM,early
629,flightstats,AA-59-JFK-SFO,07:10 AM,07:39 AM,10:45 AM,11:12 AM,late
630,panynj,AA-3859-IAH-ORD,07:10 AM,07:16 AM,09:40 AM,09:22 AM,early
632,panynj,AA-518-MIA-JFK,06:40 AM,06:54 AM,09:25 AM,09:28 AM,on_time
633,panynj,UA-397-JFK-SFO,08:00 AM,08:49 AM,11:55 AM,11:58 AM,on_time
636,panynj,AA-3-JFK-LAX,12:00 PM,12:12 PM,03:15 PM,03:16 PM,on_time
637,panynj,UA-2830-MCO-CLT,03:27 PM,03:50 PM,05:05 PM,05:17 PM,on_time
643,panynj,UA-2726-FLL-PHL,04:00 PM,04:10 PM,06:46 PM,06:25 PM,early
646,panynj,AA-616-DFW-DTW,09:05 AM,10:11 AM,12:35 PM,01:18 PM,late
648,panynj,AA-3468-CVG-MIA,07:00 AM,07:25 AM,09:55 AM,09:45 AM,early
649,panynj,AA-484-DFW-MIA,04:15 PM,04:30 PM,07:55 PM,07:39 PM,early
654,panynj,AA-446-DFW-PHL,11:50 AM,12:13 PM,03:50 PM,04:09 PM,late
656,panynj,AA-466-IAH-MIA,06:00 AM,06:09 AM,09:20 AM,09:05 AM,early
657,panynj,UA-3050-PHX-CLT,11:05 AM,11:45 AM,04:57 PM,05:03 PM,on_time
660,panynj,AA-1664-MIA-ATL,10:15 AM,10:19 AM,12:10 PM,11:50 AM,early
661,panynj,AA-1279-DFW-PHX,01:00 PM,02:04 PM,02:35 PM,03:19 PM,late
665,panynj,UA-257-JFK-SFO,02:30 PM,02:43 PM,06:15 PM,05:42 PM,early
666,panynj,UA-2945-PHL-CLT,12:00 PM,12:08 PM,01:45 PM,01:14 PM,early
669,panynj,AA-2050-ORD-MIA,10:40 AM,11:06 AM,02:45 PM,02:46 PM,on_time
672,panynj,AA-1434-DFW-MCO,07:15 AM,07:22 AM,10:35 AM,10:29 AM,early
674,panynj,AA-4307-ORD-DTW,06:45 PM,06:56 PM,09:10 PM,08:43 PM,early
677,panynj,CO-1193-EWR-MCO,09:15 AM,09:58 AM,12:18 PM,12:09 PM,early
678,panynj,AA-3842-MSP-ORD,06:00 AM,06:57 AM,07:30 AM,07:51 AM,late
679,panynj,AA-643-MIA-ORD,07:10 AM,07:31 AM,09:35 AM,09:29 AM,early
681,panynj,UA-2906-PHL-MCO,03:50 PM,04:46 PM,06:23 PM,06:35 PM,on_time
683,panynj,AA-1221-MCO-ORD,08:00 PM,08:23 PM,09:45 PM,09:49 PM,on_time
686,panynj,AA-400-DFW-JFK,10:40 AM,11:02 AM,02:59 PM,03:04 PM,on_time
687,panynj,UA-664-ORD-PHL,01:33 PM,01:48 PM,04:31 PM,04:23 PM,early
688,panynj,AA-3756-ORD-SLC,12:15 PM,12:42 PM,02:45 PM,02:52 PM,on_time
694,panynj,AA-1165-JFK-MIA,06:59 AM,07:23 AM,10:34 AM,10:04 AM,early
695,panynj,AA-431-MIA-SFO,08:35 AM,08:52 AM,11:50 AM,11:44 AM,early
708,panynj,AA-3804-PHL-ORD,02:35 PM,02:44 PM,04:05 PM,03:36 PM,early
709,panynj,AA-1917-JFK-MCO,02:55 PM,03:28 PM,05:55 PM,05:34 PM,early
710,panynj,AA-2268-PHX-ORD,07:15 AM,07:23 AM,11:35 AM,11:07 AM,early
711,panynj,AA-4277-CVG-JFK,12:10 PM,12:11 PM,02:15 PM,01:43 PM,early
712,panynj,AA-2957-DFW-CVG,07:55 AM,08:05 AM,11:05 AM,11:00 AM,early
714,panynj,AA-789-ORD-DEN,01:05 PM,01:20 PM,02:35 PM,03:01 PM,late
716,panynj,AA-85-JFK-SFO,03:05 PM,03:38 PM,06:30 PM,06:43 PM,on_time
717,panynj,AA-3979-CVG-ORD,07:30 AM,08:04 AM,08:00 AM,07:57 AM,on_time
719,panynj,AA-3786-IAH-ORD,04:00 PM,04:12 PM,06:40 PM,06:09 PM,early
720,panynj,AA-271-MIA-LAX,11:35 AM,11:52 AM,02:25 PM,02:27 PM,on_time
721,panynj,AA-2525-DFW-MIA,07:25 AM,07:40 AM,11:10 AM,11:06 AM,on_time
723,panynj,UA-3099-PHX-PHL,11:55 AM,11:55 AM,06:17 PM,06:17 PM,on_time
724,panynj,AA-4198-ORD-CLE,10:40 AM,10:55 AM,12:55 PM,12:48 PM,early
725,panynj,AA-404-MIA-MCO,06:45 AM,06:58 AM,07:45 AM,07:32 AM,early
726,panynj,CO-45-EWR-MIA,04:00 PM,04:15 PM,07:05 PM,06:36 PM,early
727,panynj,AA-3809-PHX-LAX,06:00 AM,06:11 AM,06:40 AM,06:19 AM,early
728,panynj,AA-59-JFK-SFO,07:10 AM,07:40 AM,10:45 AM,11:12 AM,late
729,panynj,AA-222-LAX-BOS,07:10 AM,07:32 AM,03:30 PM,03:14 PM,early
812,flights,AA-3859-IAH-ORD,07:10 AM,07:16 AM,09:40 AM,09:32 AM,early
814,flights,AA-518-MIA-JFK,06:40 AM,06:54 AM,09:25 AM,09:28 AM,on_time
815,flights,UA-397-JFK-SFO,08:00 AM,08:29 AM,11:55 AM,11:58 AM,on_time
818,flights,AA-3-JFK-LAX,12:00 PM,12:11 PM,03:15 PM,03:16 PM,on_time
819,flights,UA-2830-MCO-CLT,03:27 PM,03:28 PM,05:05 PM,05:17 PM,on_time
825,flights,UA-2726-FLL-PHL,04:00 PM,03:58 PM,06:46 PM,06:28 PM,early
828,flights,AA-616-DFW-DTW,09:05 AM,10:10 AM,12:35 PM,01:27 PM,late
830,flights,AA-3468-CVG-MIA,07:00 AM,07:25 AM,09:55 AM,09:45 AM,early
831,flights,AA-484-DFW-MIA,04:15 PM,04:29 PM,07:55 PM,07:39 PM,early
836,flights,AA-446-DFW-PHL,11:50 AM,12:12 PM,03:50 PM,04:09 PM,late
838,flights,AA-466-IAH-MIA,06:00 AM,06:08 AM,09:20 AM,09:05 AM,early
839,flights,UA-3050-PHX-CLT,11:05 AM,11:30 AM,04:57 PM,05:05 PM,on_time
842,flights,AA-1664-MIA-ATL,10:15 AM,10:18 AM,12:10 PM,11:56 AM,early
847,flights,UA-257-JFK-SFO,02:30 PM,02:26 PM,06:15 PM,05:42 PM,early
848,flights,UA-2945-PHL-CLT,12:00 PM,11:51 AM,01:45 PM,01:15 PM,early
851,flights,AA-2050-ORD-MIA,10:40 AM,11:05 AM,02:45 PM,02:46 PM,on_time
854,flights,AA-1434-DFW-MCO,07:15 AM,07:21 AM,10:35 AM,10:36 AM,on_time
856,flights,AA-4307-ORD-DTW,06:45 PM,06:55 PM,09:10 PM,08:53 PM,early
859,flights,CO-1193-EWR-MCO,09:15 AM,09:14 AM,12:18 PM,12:09 PM,early
860,flights,AA-3842-MSP-ORD,06:00 AM,06:56 AM,07:30 AM,07:51 AM,late
861,flights,AA-643-MIA-ORD,07:10 AM,07:30 AM,09:35 AM,09:31 AM,on_time
863,flights,UA-2906-PHL-MCO,03:50 PM,04:28 PM,06:23 PM,06:38 PM,on_time
865,flights,AA-1221-MCO-ORD,08:00 PM,08:23 PM,09:45 PM,09:53 PM,on_time
869,flights,UA-664-ORD-PHL,01:33 PM,01:31 PM,04:31 PM,04:23 PM,early
870,flights,AA-3756-ORD-SLC,12:15 PM,12:41 PM,02:45 PM,02:50 PM,on_time
876,flights,AA-1165-JFK-MIA,06:59 AM,07:22 AM,10:34 AM,10:04 AM,early
877,flights,AA-431-MIA-SFO,08:35 AM,08:51 AM,11:50 AM,11:44 AM,early
890,flights,AA-3804-PHL-ORD,02:35 PM,02:44 PM,04:05 PM,03:43 PM,early
891,flights,AA-1917-JFK-MCO,02:55 PM,03:27 PM,05:55 PM,05:43 PM,early
892,flights,AA-2268-PHX-ORD,07:15 AM,07:22 AM,11:35 AM,11:06 AM,early
893,flights,AA-4277-CVG-JFK,12:10 PM,12:10 PM,02:15 PM,01:43 PM,early
894,flights,AA-2957-DFW-CVG,07:55 AM,08:04 AM,11:05 AM,11:01 AM,on_time
896,flights,AA-789-ORD-DEN,01:05 PM,01:19 PM,02:35 PM,03:13 PM,late
898,flights,AA-85-JFK-SFO,03:05 PM,03:36 PM,06:30 PM,06:43 PM,on_time
899,flights,AA-3979-CVG-ORD,07:30 AM,08:04 AM,08:00 AM,08:06 AM,on_time
901,flights,AA-3786-IAH-ORD,04:00 PM,04:12 PM,06:40 PM,06:15 PM,early
902,flights,AA-271-MIA-LAX,11:35 AM,11:52 AM,02:25 PM,02:27 PM,on_time
903,flights,AA-2525-DFW-MIA,07:25 AM,07:39 AM,11:10 AM,11:06 AM,on_time
905,flights,UA-3099-PHX-PHL,11:55 AM,11:43 AM,06:17 PM,05:38 PM,early
906,flights,AA-4198-ORD-CLE,10:40 AM,10:54 AM,12:55 PM,12:50 PM,early
907,flights,AA-404-MIA-MCO,06:45 AM,06:57 AM,07:45 AM,07:40 AM,early
908,flights,CO-45-EWR-MIA,04:00 PM,03:58 PM,07:05 PM,06:36 PM,early
909,flights,AA-3809-PHX-LAX,06:00 AM,06:10 AM,06:40 AM,06:19 AM,early
910,flights,AA-59-JFK-SFO,07:10 AM,07:39 AM,10:45 AM,11:12 AM,late
911,flights,AA-222-LAX-BOS,07:10 AM,07:31 AM,03:30 PM,03:14 PM,early
912,flightarrival,AA-3859-IAH-ORD,07:10 AM,07:16 AM,09:40 AM,09:22 AM,early
913,flightarrival,AA-1640-MIA-MCO,06:30 PM,06:56 PM,07:25 PM,07:35 PM,on_time
922,flightarrival,AA-466-IAH-MIA,06:00 AM,06:09 AM,09:20 AM,09:00 AM,early
923,flightarrival,AA-1664-MIA-ATL,10:15 AM,10:19 AM,12:10 PM,11:50 AM,early
924,flightarrival,AA-1279-DFW-PHX,01:00 PM,02:04 PM,02:35 PM,03:19 PM,late
925,flightarrival,AA-404-MIA-MCO,06:45 AM,06:57 AM,07:45 AM,07:40 AM,early
928,flightarrival,AA-616-DFW-DTW,09:05 AM,10:11 AM,12:35 PM,01:11 PM,late
929,flightarrival,AA-271-MIA-LAX,11:35 AM,11:52 AM,02:25 PM,02:17 PM,early
930,flightarrival,AA-2050-ORD-MIA,10:40 AM,11:06 AM,02:45 PM,02:36 PM,early
931,flightarrival,AA-4307-ORD-DTW,06:45 PM,06:55 PM,09:10 PM,08:53 PM,early
932,flightarrival,AA-3-JFK-LAX,12:00 PM,12:12 PM,03:15 PM,03:10 PM,early
935,flightarrival,UA-2906-PHL-MCO,03:50 PM,04:46 PM,06:23 PM,06:36 PM,on_time
940,flightarrival,AA-400-DFW-JFK,10:40 AM,11:02 AM,02:59 PM,02:52 PM,early
941,flightarrival,UA-664-ORD-PHL,01:33 PM,01:48 PM,04:31 PM,04:18 PM,early
942,flightarrival,UA-37-EWR-MCO,01:29 PM,01:48 PM,04:17 PM,04:17 PM,on_time
945,flightarrival,AA-431-MIA-SFO,08:35 AM,08:52 AM,11:50 AM,11:40 AM,early
946,flightarrival,UA-257-JFK-SFO,02:30 PM,02:43 PM,06:15 PM,05:28 PM,early
955,flightarrival,AA-2268-PHX-ORD,07:15 AM,07:23 AM,11:35 AM,11:04 AM,early
958,flightarrival,AA-4277-CVG-JFK,12:10 PM,12:11 PM,02:15 PM,01:40 PM,early
962,flightarrival,AA-85-JFK-SFO,03:05 PM,03:38 PM,06:30 PM,06:36 PM,on_time
966,flightarrival,AA-4198-ORD-CLE,10:40 AM,10:55 AM,12:55 PM,12:48 PM,early
967,flightarrival,AA-3809-PHX-LAX,06:00 AM,06:10 AM,06:40 AM,06:19 AM,early
968,flightarrival,AA-59-JFK-SFO,07:10 AM,07:40 AM,10:45 AM,11:00 AM,on_time
969,flightarrival,AA-222-LAX-BOS,07:10 AM,07:32 AM,03:30 PM,03:09 PM,early
970,flightwise,AA-3859-IAH-ORD,07:10 AM,07:16 AM,09:30 AM,09:22 AM,early
971,flightwise,AA-3842-MSP-ORD,06:00 AM,06:56 AM,06:50 AM,07:49 AM,late
972,flightwise,AA-643-MIA-ORD,07:10 AM,07:31 AM,09:00 AM,09:26 AM,late
973,flightwise,AA-1640-MIA-MCO,06:30 PM,06:47 PM,07:08 PM,07:25 PM,late
974,flightwise,AA-2525-DFW-MIA,07:25 AM,07:39 AM,10:43 AM,10:43 AM,on_time
975,flightwise,UA-3050-PHX-CLT,11:05 AM,11:45 AM,04:37 PM,04:57 PM,late
976,flightwise,UA-3925-IAD-ORF,08:41 AM,08:51 AM,09:34 AM,09:44 AM,on_time
977,flightwise,UA-664-ORD-PHL,01:33 PM,01:48 PM,04:20 PM,04:20 PM,on_time
978,flightwise,AA-789-ORD-DEN,01:05 PM,01:19 PM,02:17 PM,02:49 PM,late
979,flightwise,AA-2312-DFW-DTW,08:25 PM,08:29 PM,11:31 PM,11:35 PM,on_time
980,flightwise,CO-1694-LAX-IAH,07:15 PM,07:25 PM,11:52 PM,12:02 AM,on_time
981,flightwise,CO-63-EWR-IAH,05:25 PM,05:38 PM,08:04 PM,07:43 PM,early
982,flightwise,AA-3786-IAH-ORD,04:00 PM,04:12 PM,06:30 PM,06:11 PM,early
983,flightwise,CO-47-IAH-LAX,07:27 PM,07:27 PM,08:46 PM,08:46 PM,on_time
984,flightwise,AA-1434-DFW-MCO,07:15 AM,07:21 AM,10:18 AM,10:29 AM,on_time
985,flightwise,AA-4330-CVG-ORD,03:35 PM,03:36 PM,03:50 PM,03:26 PM,early
986,flightwise,AA-3809-PHX-LAX,06:00 AM,06:10 AM,06:30 AM,06:09 AM,early
987,flightwise,AA-59-JFK-SFO,07:10 AM,07:39 AM,10:09 AM,10:52 AM,late
988,flightwise,AA-4307-ORD-DTW,06:45 PM,06:56 PM,09:00 PM,08:38 PM,early
989,flightwise,AA-85-JFK-SFO,03:05 PM,03:36 PM,05:57 PM,06:30 PM,late
990,travelocity,AA-3859-IAH-ORD,07:10 AM,07:02 AM,09:40 AM,09:32 AM,early
991,travelocity,AA-518-MIA-JFK,06:40 AM,06:40 AM,09:25 AM,09:28 AM,on_time
996,travelocity,AA-3-JFK-LAX,12:00noon,11:54 AM,03:15 PM,03:16 PM,on_time
998,travelocity,AA-1544-SAN-ORD,11:25 AM,11:20 AM,05:25 PM,04:56 PM,early
1001,travelocity,AA-3756-ORD-SLC,12:15 PM,12:10 PM,02:45 PM,02:50 PM,on_time
1003,travelocity,AA-3468-CVG-MIA,07:00 AM,07:04 AM,09:55 AM,09:45 AM,early
1005,travelocity,AA-484-DFW-MIA,04:15 PM,04:16 PM,07:55 PM,07:39 PM,early
1006,travelocity,CO-62-IAH-EWR,02:30 PM,02:48 PM,07:03 PM,07:10 PM,on_time
1007,travelocity,AA-446-DFW-PHL,11:50 AM,11:54 AM,03:50 PM,04:09 PM,late
1008,travelocity,AA-466-IAH-MIA,06:00 AM,05:58 AM,09:20 AM,09:05 AM,early
1010,travelocity,CO-89-IAH-EWR,06:00 AM,06:02 AM,10:20 AM,10:27 AM,on_time
1011,travelocity,CO-1088-CLE-IAH,08:40 AM,08:40 AM,10:54 AM,10:56 AM,on_time
1012,travelocity,AA-1886-BOS-MIA,10:45 AM,10:42 AM,02:20 PM,01:40 PM,early
1013,travelocity,AA-2957-DFW-CVG,07:55 AM,07:51 AM,11:05 AM,11:01 AM,on_time
1014,travelocity,AA-1664-MIA-ATL,10:15 AM,10:10 AM,12:10 PM,11:56 AM,early
1015,travelocity,AA-3979-CVG-ORD,07:30 AM,07:28 AM,08:00 AM,08:06 AM,on_time
1016,travelocity,AA-1279-DFW-PHX,01:00 PM,01:48 PM,02:35 PM,03:30 PM,late
1017,travelocity,AA-616-DFW-DTW,09:05 AM,09:59 AM,12:35 PM,01:27 PM,late
1018,travelocity,AA-4344-ORD-DTW,11:45 AM,11:47 AM,02:00 PM,02:10 PM,on_time
1020,travelocity,AA-2525-DFW-MIA,07:25 AM,07:22 AM,11:10 AM,11:06 AM,on_time
1021,travelocity,AA-271-MIA-LAX,11:35 AM,11:33 AM,02:25 PM,02:27 PM,on_time
1022,travelocity,AA-2050-ORD-MIA,10:40 AM,10:46 AM,02:45 PM,02:46 PM,on_time
1023,travelocity,AA-1434-DFW-MCO,07:15 AM,07:08 AM,10:35 AM,10:36 AM,on_time
1024,travelocity,CO-1561-PHX-IAH,08:05 AM,08:00 AM,11:35 AM,11:32 AM,on_time
1025,travelocity,AA-4307-ORD-DTW,06:45 PM,06:40 PM,09:10 PM,08:53 PM,early
1028,travelocity,CO-1193-EWR-MCO,09:15 AM,09:14 AM,12:18 PM,12:09 PM,early
1029,travelocity,AA-3842-MSP-ORD,06:00 AM,05:59 AM,07:30 AM,07:51 AM,late
1030,travelocity,AA-643-MIA-ORD,07:10 AM,07:10 AM,09:35 AM,09:31 AM,on_time
1032,travelocity,AA-1221-MCO-ORD,08:00 PM,08:01 PM,09:45 PM,09:53 PM,on_time
1034,travelocity,AA-400-DFW-JFK,10:40 AM,10:47 AM,02:59 PM,03:04 PM,on_time
1040,travelocity,AA-1165-JFK-MIA,06:59 AM,06:56 AM,10:34 AM,10:04 AM,early
1041,travelocity,AA-431-MIA-SFO,08:35 AM,08:31 AM,11:50 AM,11:44 AM,early
1045,travelocity,CO-1250-MIA-IAH,02:53 PM,03:01 PM,04:48 PM,04:59 PM,on_time
1052,travelocity,AA-3804-PHL-ORD,02:35 PM,02:32 PM,04:05 PM,03:43 PM,early
1053,travelocity,AA-1917-JFK-MCO,02:55 PM,03:00 PM,05:55 PM,05:43 PM,early
1054,travelocity,AA-2268-PHX-ORD,07:15 AM,07:10 AM,11:35 AM,11:06 AM,early
1056,travelocity,AA-4277-CVG-JFK,12:10 PM,12:01 PM,02:15 PM,01:43 PM,early
1058,travelocity,AA-789-ORD-DEN,01:05 PM,01:06 PM,02:35 PM,03:13 PM,late
1060,travelocity,AA-415-BOS-ORD,08:35 AM,08:32 AM,10:40 AM,10:16 AM,early
1061,travelocity,AA-85-JFK-SFO,03:05 PM,03:09 PM,06:30 PM,06:43 PM,on_time
1062,travelocity,AA-3786-IAH-ORD,04:00 PM,03:52 PM,06:40 PM,06:15 PM,early
1063,travelocity,CO-50-CLE-EWR,02:55 PM,03:31 PM,04:49 PM,05:26 PM,late
1065,travelocity,AA-4198-ORD-CLE,10:40 AM,10:35 AM,12:55 PM,12:50 PM,early
1066,travelocity,AA-222-LAX-BOS,07:10 AM,07:05 AM,03:30 PM,03:14 PM,early
1067,travelocity,AA-404-MIA-MCO,06:45 AM,06:41 AM,07:45 AM,07:40 AM,early
1068,travelocity,CO-45-EWR-MIA,04:00 PM,03:58 PM,07:05 PM,06:36 PM,early
1069,travelocity,AA-3809-PHX-LAX,06:00 AM,05:56 AM,06:40 AM,06:19 AM,early
1070,travelocity,AA-59-JFK-SFO,07:10 AM,07:14 AM,10:45 AM,11:12 AM,late
1071,foxbusiness,AA-3859-IAH-ORD,07:10 AM,07:16 AM,09:40 AM,09:22 AM,early
1073,foxbusiness,AA-518-MIA-JFK,06:40 AM,06:54 AM,09:25 AM,09:28 AM,on_time
1074,foxbusiness,UA-397-JFK-SFO,08:00 AM,08:49 AM,11:55 AM,11:58 AM,on_time
1077,foxbusiness,AA-3-JFK-LAX,12:00 PM,12:12 PM,03:15 PM,03:16 PM,on_time
1078,foxbusiness,UA-2830-MCO-CLT,03:27 PM,03:50 PM,05:05 PM,05:17 PM,on_time
1084,foxbusiness,UA-2726-FLL-PHL,04:00 PM,04:10 PM,06:46 PM,06:25 PM,early
1087,foxbusiness,AA-616-DFW-DTW,09:05 AM,10:11 AM,12:35 PM,01:18 PM,late
1089,foxbusiness,AA-3468-CVG-MIA,07:00 AM,07:25 AM,09:55 AM,09:45 AM,early
1090,foxbusiness,AA-484-DFW-MIA,04:15 PM,04:30 PM,07:55 PM,07:39 PM,early
1095,foxbusiness,AA-446-DFW-PHL,11:50 AM,12:13 PM,03:50 PM,04:09 PM,late
1097,foxbusiness,AA-466-IAH-MIA,06:00 AM,06:09 AM,09:20 AM,09:05 AM,early
1098,foxbusiness,UA-3050-PHX-CLT,11:05 AM,11:45 AM,04:57 PM,05:03 PM,on_time
1101,foxbusiness,AA-1664-MIA-ATL,10:15 AM,10:19 AM,12:10 PM,11:50 AM,early
1102,foxbusiness,AA-1279-DFW-PHX,01:00 PM,02:04 PM,02:35 PM,03:19 PM,late
1106,foxbusiness,UA-257-JFK-SFO,02:30 PM,02:43 PM,06:15 PM,05:42 PM,early
1107,foxbusiness,UA-2945-PHL-CLT,12:00 PM,12:08 PM,01:45 PM,01:14 PM,early
1110,foxbusiness,AA-2050-ORD-MIA,10:40 AM,11:06 AM,02:45 PM,02:46 PM,on_time
1113,foxbusiness,AA-1434-DFW-MCO,07:15 AM,07:22 AM,10:35 AM,10:29 AM,early
1115,foxbusiness,AA-4307-ORD-DTW,06:45 PM,06:56 PM,09:10 PM,08:43 PM,early
1118,foxbusiness,CO-1193-EWR-MCO,09:15 AM,09:58 AM,12:18 PM,12:09 PM,early
1119,foxbusiness,AA-3842-MSP-ORD,06:00 AM,06:57 AM,07:30 AM,07:51 AM,late
1120,foxbusiness,AA-643-MIA-ORD,07:10 AM,07:31 AM,09:35 AM,09:29 AM,early
1122,foxbusiness,UA-2906-PHL-MCO,03:50 PM,04:46 PM,06:23 PM,06:35 PM,on_time
1124,foxbusiness,AA-1221-MCO-ORD,08:00 PM,08:23 PM,09:45 PM,09:49 PM,on_time
1127,foxbusiness,AA-400-DFW-JFK,10:40 AM,11:02 AM,02:59 PM,03:04 PM,on_time
1128,foxbusiness,UA-664-ORD-PHL,01:33 PM,01:48 PM,04:31 PM,04:23 PM,early
1129,foxbusiness,AA-3756-ORD-SLC,12:15 PM,12:42 PM,02:45 PM,02:52 PM,on_time
1135,foxbusiness,AA-1165-JFK-MIA,06:59 AM,07:23 AM,10:34 AM,10:04 AM,early
1136,foxbusiness,AA-431-MIA-SFO,08:35 AM,08:52 AM,11:50 AM,11:44 AM,early
1149,foxbusiness,AA-3804-PHL-ORD,02:35 PM,02:44 PM,04:05 PM,03:36 PM,early
1150,foxbusiness,AA-1917-JFK-MCO,02:55 PM,03:28 PM,05:55 PM,05:34 PM,early
1151,foxbusiness,AA-2268-PHX-ORD,07:15 AM,07:23 AM,11:35 AM,11:07 AM,early
1152,foxbusiness,AA-4277-CVG-JFK,12:10 PM,12:11 PM,02:15 PM,01:43 PM,early
1153,foxbusiness,AA-2957-DFW-CVG,07:55 AM,08:05 AM,11:05 AM,11:00 AM,early
1155,foxbusiness,AA-789-ORD-DEN,01:05 PM,01:20 PM,02:35 PM,03:01 PM,late
1157,foxbusiness,AA-85-JFK-SFO,03:05 PM,03:38 PM,06:30 PM,06:43 PM,on_time
1158,foxbusiness,AA-3979-CVG-ORD,07:30 AM,08:04 AM,08:00 AM,07:57 AM,on_time
1160,foxbusiness,AA-3786-IAH-ORD,04:00 PM,04:12 PM,06:40 PM,06:09 PM,early
1161,foxbusiness,AA-271-MIA-LAX,11:35 AM,11:52 AM,02:25 PM,02:27 PM,on_time
1162,foxbusiness,AA-2525-DFW-MIA,07:25 AM,07:40 AM,11:10 AM,11:06 AM,on_time
1164,foxbusiness,UA-3099-PHX-PHL,11:55 AM,11:55 AM,06:17 PM,06:17 PM,on_time
1165,foxbusiness,AA-4198-ORD-CLE,10:40 AM,10:55 AM,12:55 PM,12:48 PM,early
1166,foxbusiness,AA-404-MIA-MCO,06:45 AM,06:58 AM,07:45 AM,07:32 AM,early
1167,foxbusiness,CO-45-EWR-MIA,04:00 PM,04:15 PM,07:05 PM,06:36 PM,early
1168,foxbusiness,AA-3809-PHX-LAX,06:00 AM,06:11 AM,06:40 AM,06:19 AM,early
1169,foxbusiness,AA-59-JFK-SFO,07:10 AM,07:40 AM,10:45 AM,11:12 AM,late
1170,foxbusiness,AA-222-LAX-BOS,07:10 AM,07:32 AM,03:30 PM,03:14 PM,early
1172,usatoday,AA-518-MIA-JFK,06:40 AM,06:54 AM,09:25 AM,09:09 AM,early
1178,usatoday,AA-3468-CVG-MIA,07:00 AM,07:25 AM,09:55 AM,09:45 AM,early
1181,usatoday,AA-466-IAH-MIA,06:00 AM,06:09 AM,09:20 AM,09:00 AM,early
1184,usatoday,AA-1664-MIA-ATL,10:15 AM,10:19 AM,12:10 PM,11:50 AM,early
1185,usatoday,AA-404-MIA-MCO,06:45 AM,06:57 AM,07:45 AM,07:40 AM,early
1186,usatoday,AA-3756-ORD-SLC,12:15 PM,12:42 PM,02:45 PM,02:52 PM,on_time
1188,usatoday,UA-2945-PHL-CLT,12:00 PM,12:08 PM,01:45 PM,01:14 PM,early
1189,usatoday,AA-2050-ORD-MIA,10:40 AM,11:06 AM,02:45 PM,02:36 PM,early
1191,usatoday,AA-4330-CVG-ORD,03:35 PM,03:36 PM,04:00 PM,03:33 PM,early
1195,usatoday,CO-1193-EWR-MCO,09:15 AM,09:14 AM,12:18 PM,12:09 PM,early
1196,usatoday,AA-1221-MCO-ORD,08:00 PM,08:23 PM,09:45 PM,09:49 PM,on_time
1198,usatoday,AA-400-DFW-JFK,10:40 AM,11:01 AM,02:59 PM,03:04 PM,on_time
1201,usatoday,UA-257-JFK-SFO,02:30 PM,02:43 PM,06:15 PM,05:28 PM,early
1202,usatoday,UA-3373-IAD-PHL,08:29 AM,08:26 AM,09:24 AM,09:13 AM,early
1210,usatoday,AA-3804-PHL-ORD,02:35 PM,02:44 PM,04:05 PM,03:43 PM,early
1211,usatoday,AA-2268-PHX-ORD,07:15 AM,07:23 AM,11:35 AM,11:07 AM,early
1216,usatoday,AA-789-ORD-DEN,01:05 PM,01:19 PM,02:35 PM,03:13 PM,late
1217,usatoday,UA-854-SFO-IAH,07:53 AM,07:49 AM,01:39 PM,01:30 PM,early
1218,usatoday,AA-85-JFK-SFO,03:05 PM,03:38 PM,06:30 PM,06:36 PM,on_time
1219,usatoday,AA-1640-MIA-MCO,06:30 PM,06:56 PM,07:25 PM,07:35 PM,on_time
1223,usatoday,AA-59-JFK-SFO,07:10 AM,07:40 AM,10:45 AM,10:49 AM,on_time
1325,orbitz,CO-1586-IAH-MCO,07:00 PM,07:14 PM,10:15 PM,10:02 PM,early
1330,orbitz,AA-3-JFK-LAX,12:00 PM,11:54aDec 1,03:15 PM,03:16 PM,on_time
1331,orbitz,UA-2830-MCO-CLT,03:27 PM,03:28 PM,05:05 PM,05:17 PM,on_time
1332,orbitz,CO-58-DEN-IAH,11:25aDec 1,11:37aDec 1,02:50 PM,03:31 PM,late
1337,orbitz,UA-2726-FLL-PHL,04:00 PM,03:58 PM,06:46 PM,06:28 PM,early
1339,orbitz,CO-1090-BOS-IAH,9:45aDec 1,10:19aDec 1,01:16 PM,01:19 PM,on_time
1340,orbitz,AA-616-DFW-DTW,10:00aDec 1,9:59aDec 1,12:35 PM,01:27 PM,late
1343,orbitz,AA-484-DFW-MIA,04:15 PM,04:16 PM,07:55 PM,07:39 PM,early
1344,orbitz,AA-1886-BOS-MIA,10:45aDec 1,10:42aDec 1,02:20 PM,01:40 PM,early
1345,orbitz,CO-62-IAH-EWR,02:30 PM,02:48 PM,07:03 PM,07:10 PM,on_time
1347,orbitz,UA-2314-ATL-PHL,02:55 PM,02:46 PM,05:00 PM,04:47 PM,early
1348,orbitz,AA-446-DFW-PHL,11:50aDec 1,11:54aDec 1,03:50 PM,04:09 PM,late
1349,orbitz,CO-1023-IAH-DEN,11:40aDec 1,11:56aDec 1,01:17 PM,01:14 PM,on_time
1351,orbitz,UA-3050-PHX-CLT,11:05aDec 1,11:30aDec 1,04:57 PM,05:05 PM,on_time
1355,orbitz,AA-1279-DFW-PHX,01:00 PM,01:48 PM,02:35 PM,03:30 PM,late
1356,orbitz,UA-854-SFO-IAH,7:53aDec 1,7:49aDec 1,01:39 PM,01:30 PM,early
1358,orbitz,AA-4344-ORD-DTW,11:45aDec 1,11:47aDec 1,02:00 PM,02:10 PM,on_time
1359,orbitz,UA-257-JFK-SFO,02:46 PM,02:42 PM,06:15 PM,05:42 PM,early
1360,orbitz,UA-2945-PHL-CLT,12:00 PM,11:51aDec 1,01:45 PM,01:15 PM,early
1361,orbitz,CO-63-EWR-IAH,05:25 PM,05:22 PM,08:22 PM,08:03 PM,early
1363,orbitz,AA-2050-ORD-MIA,10:40aDec 1,10:46aDec 1,02:45 PM,02:46 PM,on_time
1364,orbitz,UA-248-PHX-ORD,12:57 PM,01:32 PM,05:15 PM,05:34 PM,late
1365,orbitz,AA-4330-CVG-ORD,03:35 PM,03:27 PM,04:00 PM,03:33 PM,early
1368,orbitz,AA-4307-ORD-DTW,06:45 PM,06:40 PM,09:10 PM,08:53 PM,early
1370,orbitz,UA-843-LAX-ORD,02:22 PM,02:37 PM,07:53 PM,07:58 PM,on_time
1371,orbitz,CO-1193-EWR-MCO,9:15aDec 1,9:14aDec 1,12:18 PM,12:09 PM,early
1374,orbitz,AA-1007-MIA-PHX,04:55 PM,04:56 PM,08:05 PM,07:55 PM,early
1375,orbitz,UA-2906-PHL-MCO,03:50 PM,04:28 PM,06:23 PM,06:38 PM,on_time
1376,orbitz,UA-938-DEN-ORD,04:16 PM,04:15 PM,07:35 PM,07:36 PM,on_time
1377,orbitz,AA-1221-MCO-ORD,08:00 PM,08:01 PM,09:45 PM,09:53 PM,on_time
1378,orbitz,CO-16-LAX-EWR,10:25aDec 1,10:20aDec 1,06:44 PM,06:34 PM,early
1380,orbitz,AA-400-DFW-JFK,10:40aDec 1,10:47aDec 1,02:59 PM,03:04 PM,on_time
1381,orbitz,UA-664-ORD-PHL,01:33 PM,01:31 PM,04:31 PM,04:23 PM,early
1382,orbitz,AA-3756-ORD-SLC,12:15 PM,12:10 PM,02:45 PM,02:50 PM,on_time
1383,orbitz,UA-37-EWR-MCO,01:29 PM,01:48 PM,04:17 PM,04:17 PM,on_time
1391,orbitz,CO-1250-MIA-IAH,02:53 PM,03:01 PM,04:48 PM,04:59 PM,on_time
1396,orbitz,UA-2704-DTW-PHX,11:15aDec 1,11:15aDec 1,01:40 PM,02:00 PM,late
1398,orbitz,UA-2708-EWR-CLT,02:55 PM,02:52 PM,04:53 PM,04:44 PM,early
1399,orbitz,UA-62-IAH-EWR,02:30 PM,02:48 PM,07:03 PM,07:10 PM,on_time
1401,orbitz,AA-3804-PHL-ORD,02:35 PM,02:32 PM,04:05 PM,03:43 PM,early
1402,orbitz,AA-1917-JFK-MCO,02:55 PM,03:00 PM,05:55 PM,05:43 PM,early
1404,orbitz,AA-4277-CVG-JFK,12:10 PM,12:01 PM,02:15 PM,01:43 PM,early
1407,orbitz,AA-789-ORD-DEN,01:05 PM,01:06 PM,02:35 PM,03:13 PM,late
1409,orbitz,AA-85-JFK-SFO,03:05 PM,03:09 PM,06:30 PM,06:43 PM,on_time
1411,orbitz,AA-1544-SAN-ORD,11:25aDec 1,11:20aDec 1,05:25 PM,04:56 PM,early
1412,orbitz,AA-3786-IAH-ORD,04:00 PM,03:52 PM,06:40 PM,06:15 PM,early
1413,orbitz,AA-271-MIA-LAX,11:35aDec 1,11:33aDec 1,02:25 PM,02:27 PM,on_time
1415,orbitz,CO-50-CLE-EWR,02:55 PM,03:31 PM,04:49 PM,05:26 PM,late
1416,orbitz,UA-3099-PHX-PHL,11:55aDec 1,11:43aDec 1,06:17 PM,05:38 PM,early
1417,orbitz,AA-4198-ORD-CLE,10:40aDec 1,10:35aDec 1,12:55 PM,12:50 PM,early
1419,orbitz,CO-45-EWR-MIA,04:00 PM,03:58 PM,07:05 PM,06:36 PM,early
1422,orbitz,AA-222-LAX-BOS,7:10aDec 1,7:05aDec 1,03:30 PM,03:14 PM,early
1427,CO,CO-1586-IAH-MCO,07:00 PM,07:14 PM,10:15 PM,10:29 PM,on_time
1428,CO,CO-52-IAH-LAX,07:35 AM,07:29 AM,09:21 AM,09:14 AM,early
1429,CO,CO-1023-IAH-DEN,11:40 AM,11:56 AM,01:17 PM,01:14 PM,on_time
1430,CO,CO-89-IAH-EWR,06:00 AM,06:02 AM,10:20 AM,10:27 AM,on_time
1431,CO,CO-1694-LAX-IAH,07:15 PM,07:15 PM,12:21 AM,12:21 AM,on_time
1432,CO,CO-1614-LAX-IAH,12:30 AM,12:41 AM,05:35 AM,05:26 AM,early
1433,CO,CO-1088-CLE-IAH,08:40 AM,08:40 AM,10:54 AM,10:56 AM,on_time
1434,CO,CO-58-DEN-IAH,11:25 AM,11:32 AM,02:50 PM,03:31 PM,late
1435,CO,CO-50-CLE-EWR,02:55 PM,03:31 PM,04:49 PM,05:26 PM,late
1436,CO,CO-62-IAH-EWR,02:30 PM,02:48 PM,07:03 PM,07:10 PM,on_time
1437,CO,CO-1193-EWR-MCO,09:15 AM,09:14 AM,12:18 PM,12:09 PM,early
1438,CO,CO-16-LAX-EWR,10:25 AM,10:20 AM,06:44 PM,06:34 PM,early
1439,CO,CO-1090-BOS-IAH,09:45 AM,10:19 AM,01:16 PM,01:19 PM,on_time
1440,CO,CO-1250-MIA-IAH,02:53 PM,03:01 PM,04:48 PM,04:59 PM,on_time
1441,CO,CO-47-IAH-LAX,07:10 PM,08:25 PM,08:56 PM,09:52 PM,late
1442,CO,CO-4888-IAH-DAL,05:30 PM,05:30 PM,06:40 PM,06:40 PM,on_time
1443,CO,CO-45-EWR-MIA,04:00 PM,03:58 PM,07:05 PM,06:36 PM,early
1444,CO,CO-63-EWR-IAH,05:25 PM,05:22 PM,08:22 PM,08:03 PM,early
1445,CO,CO-1561-PHX-IAH,08:05 AM,08:00 AM,11:35 AM,11:32 AM,on_time
1446,ifly,AA-3842-MSP-ORD,06:00 AM,06:56 AM,07:30 AM,07:51 AM,late
1447,ifly,AA-3804-PHL-ORD,02:35 PM,02:44 PM,04:05 PM,03:43 PM,early
1448,ifly,CO-1090-BOS-IAH,09:45 AM,10:19 AM,01:16 PM,01:19 PM,on_time
1449,ifly,AA-1917-JFK-MCO,02:55 PM,03:27 PM,05:55 PM,05:43 PM,early
1450,ifly,UA-2906-PHL-MCO,03:50 PM,04:28 PM,06:23 PM,06:38 PM,on_time
1451,ifly,CO-89-IAH-EWR,06:00 AM,06:02 AM,10:20 AM,10:27 AM,on_time
1452,ifly,UA-938-DEN-ORD,04:16 PM,04:15 PM,07:35 PM,07:36 PM,on_time
1453,ifly,UA-3925-IAD-ORF,08:41 AM,08:42 AM,09:54 AM,09:43 AM,early
1454,ifly,AA-789-ORD-DEN,01:05 PM,01:19 PM,02:35 PM,03:13 PM,late
1455,ifly,AA-1434-DFW-MCO,07:15 AM,07:21 AM,10:35 AM,10:36 AM,on_time
1456,ifly,UA-664-ORD-PHL,01:33 PM,01:31 PM,04:31 PM,04:23 PM,early
1457,ifly,AA-3756-ORD-SLC,12:15 PM,12:41 PM,02:45 PM,02:50 PM,on_time
1458,ifly,CO-1614-LAX-IAH,12:30 AM,12:41 AM,05:35 AM,05:26 AM,early
1459,ifly,CO-58-DEN-IAH,11:25 AM,11:32 AM,02:50 PM,03:31 PM,late
1461,ifly,AA-3979-CVG-ORD,07:30 AM,08:04 AM,08:00 AM,08:06 AM,on_time
1463,ifly,AA-3786-IAH-ORD,04:00 PM,04:12 PM,06:40 PM,06:15 PM,early
1464,ifly,AA-431-MIA-SFO,08:35 AM,08:51 AM,11:50 AM,11:44 AM,early
1466,ifly,UA-3373-IAD-PHL,08:29 AM,08:26 AM,09:24 AM,09:13 AM,early
1467,ifly,UA-3099-PHX-PHL,11:55 AM,11:43 AM,06:17 PM,05:38 PM,early
1468,ifly,UA-2314-ATL-PHL,02:55 PM,02:46 PM,05:00 PM,04:47 PM,early
1469,ifly,CO-16-LAX-EWR,10:25 AM,10:20 AM,06:44 PM,06:34 PM,early
1470,ifly,CO-1250-MIA-IAH,02:53 PM,03:01 PM,04:48 PM,04:59 PM,on_time
1471,ifly,AA-3468-CVG-MIA,07:00 AM,07:25 AM,09:55 AM,09:45 AM,early
1472,ifly,AA-2050-ORD-MIA,10:40 AM,11:05 AM,02:45 PM,02:46 PM,on_time
1473,ifly,AA-415-BOS-ORD,08:35 AM,08:56 AM,10:40 AM,10:16 AM,early
1475,ifly,AA-3809-PHX-LAX,06:00 AM,06:10 AM,06:40 AM,06:19 AM,early
1476,ifly,AA-59-JFK-SFO,07:10 AM,07:39 AM,10:45 AM,11:12 AM,late
1477,ifly,UA-62-IAH-EWR,02:30 PM,02:48 PM,07:03 PM,07:10 PM,on_time
1478,ifly,AA-616-DFW-DTW,09:05 AM,10:10 AM,12:35 PM,01:27 PM,late
1479,ifly,AA-3-JFK-LAX,12:00 PM,12:11 PM,03:15 PM,03:16 PM,on_time
1481,ifly,AA-446-DFW-PHL,11:50 AM,12:12 PM,03:50 PM,04:09 PM,late
1589,mytripandmore,CO-1586-IAH-MCO,07:00 PM,07:14 PM,10:15 PM,10:02 PM,early
1596,mytripandmore,UA-2726-FLL-PHL,04:00 PM,03:58 PM,06:46 PM,06:28 PM,early
1597,mytripandmore,CO-1090-BOS-IAH,9:45aDec 1,10:19aDec 1,01:16 PM,01:19 PM,on_time
1599,mytripandmore,CO-62-IAH-EWR,02:30 PM,02:48 PM,07:03 PM,07:10 PM,on_time
1600,mytripandmore,CO-1023-IAH-DEN,11:40aDec 1,11:56aDec 1,01:17 PM,01:14 PM,on_time
1602,mytripandmore,UA-3050-PHX-CLT,11:05aDec 1,11:30aDec 1,04:57 PM,05:05 PM,on_time
1603,mytripandmore,AA-1664-MIA-ATL,10:15 AM,10:10 AM,12:10 PM,11:56 AM,early
1606,mytripandmore,AA-616-DFW-DTW,09:05 AM,09:59 AM,12:35 PM,01:27 PM,late
1607,mytripandmore,AA-4344-ORD-DTW,11:45aDec 1,11:47aDec 1,02:00 PM,02:10 PM,on_time
1608,mytripandmore,UA-2945-PHL-CLT,12:00 PM,11:51aDec 1,01:45 PM,01:15 PM,early
1610,mytripandmore,AA-271-MIA-LAX,11:35 AM,11:33 AM,02:25 PM,02:27 PM,on_time
1613,mytripandmore,AA-1007-MIA-PHX,04:55 PM,04:56 PM,08:05 PM,07:55 PM,early
1615,mytripandmore,AA-1221-MCO-ORD,08:00 PM,08:01 PM,09:45 PM,09:53 PM,on_time
1617,mytripandmore,AA-4307-ORD-DTW,06:45 PM,06:40 PM,09:10 PM,08:53 PM,early
1625,mytripandmore,CO-1250-MIA-IAH,02:53 PM,03:01 PM,04:48 PM,04:59 PM,on_time
1628,mytripandmore,AA-1917-JFK-MCO,02:55 PM,03:00 PM,05:55 PM,05:43 PM,early
1630,mytripandmore,AA-4277-CVG-JFK,12:10 PM,12:01 PM,02:15 PM,01:43 PM,early
1634,mytripandmore,AA-1544-SAN-ORD,11:25aDec 1,11:20aDec 1,05:25 PM,04:56 PM,early
1635,mytripandmore,AA-3786-IAH-ORD,04:00 PM,03:52 PM,06:40 PM,06:15 PM,early
1636,mytripandmore,CO-50-CLE-EWR,02:55 PM,03:31 PM,04:49 PM,05:26 PM,late
1662,wunderground,AA-3859-IAH-ORD,07:10 AM,07:16 AM,09:30 AM,09:22 AM,early
1663,wunderground,AA-518-MIA-JFK,06:40 AM,06:54 AM,08:54 AM,09:14 AM,late
1664,wunderground,CO-1586-IAH-MCO,07:00 PM,07:42 PM,09:40 PM,10:24 PM,late
1665,wunderground,UA-3925-IAD-ORF,08:41 AM,08:51 AM,09:34 AM,09:44 AM,on_time
1666,wunderground,AA-1733-ORD-PHX,07:45 PM,07:59 PM,10:15 PM,10:28 PM,on_time
1667,wunderground,AA-204-LAX-MCO,11:25 PM,11:57 PM,06:30 AM,06:55 AM,late
1668,wunderground,UA-2726-FLL-PHL,04:00 PM,04:10 PM,06:34 PM,06:23 PM,early
1669,wunderground,CO-52-IAH-LAX,07:35 AM,07:56 AM,09:11 AM,09:08 AM,on_time
1670,wunderground,AA-3468-CVG-MIA,07:00 AM,07:25 AM,09:45 AM,09:29 AM,early
1671,wunderground,AA-484-DFW-MIA,04:15 PM,04:29 PM,07:26 PM,07:37 PM,on_time
1672,wunderground,AA-616-DFW-DTW,09:05 AM,10:10 AM,12:12 PM,01:11 PM,late
1673,wunderground,AA-446-DFW-PHL,11:50 AM,12:13 PM,03:33 PM,03:59 PM,late
1674,wunderground,CO-1023-IAH-DEN,11:40 AM,12:06 PM,12:51 PM,01:07 PM,late
1675,wunderground,AA-466-IAH-MIA,06:00 AM,06:08 AM,08:51 AM,08:50 AM,on_time
1676,wunderground,UA-3050-PHX-CLT,11:05 AM,11:45 AM,04:37 PM,04:57 PM,late
1677,wunderground,AA-2957-DFW-CVG,07:55 AM,08:05 AM,10:55 AM,10:58 AM,on_time
1678,wunderground,AA-1664-MIA-ATL,10:15 AM,10:19 AM,11:43 AM,11:50 AM,on_time
1679,wunderground,AA-3979-CVG-ORD,07:30 AM,08:04 AM,07:50 AM,07:59 AM,on_time
1680,wunderground,AA-1279-DFW-PHX,01:00 PM,02:04 PM,02:14 PM,03:13 PM,late
1681,wunderground,AA-404-MIA-MCO,06:45 AM,06:57 AM,07:25 AM,07:35 AM,on_time
1682,wunderground,AA-3756-ORD-SLC,12:15 PM,12:42 PM,02:35 PM,02:40 PM,on_time
1683,wunderground,UA-382-IAD-LAX,12:30 PM,12:56 PM,02:48 PM,03:07 PM,late
1684,wunderground,UA-257-JFK-SFO,02:30 PM,02:42 PM,05:40 PM,05:27 PM,early
1685,wunderground,UA-2945-PHL-CLT,12:00 PM,12:07 PM,01:35 PM,01:08 PM,early
1686,wunderground,CO-63-EWR-IAH,05:25 PM,05:38 PM,08:04 PM,07:43 PM,early
1687,wunderground,AA-2525-DFW-MIA,07:25 AM,07:39 AM,10:43 AM,10:43 AM,on_time
1688,wunderground,CO-47-IAH-LAX,07:27 PM,07:27 PM,08:46 PM,08:46 PM,on_time
1689,wunderground,AA-271-MIA-LAX,11:35 AM,11:52 AM,01:57 PM,02:21 PM,late
1690,wunderground,AA-2050-ORD-MIA,10:40 AM,11:05 AM,02:10 PM,02:39 PM,late
1691,wunderground,AA-4330-CVG-ORD,03:35 PM,03:36 PM,03:50 PM,03:26 PM,early
1692,wunderground,AA-1434-DFW-MCO,07:15 AM,07:21 AM,10:18 AM,10:29 AM,on_time
1693,wunderground,AA-1640-MIA-MCO,06:30 PM,06:47 PM,07:08 PM,07:25 PM,late
1694,wunderground,AA-4307-ORD-DTW,06:45 PM,06:56 PM,09:00 PM,08:38 PM,early
1695,wunderground,AA-3-JFK-LAX,12:00 PM,12:12 PM,02:47 PM,03:04 PM,late
1696,wunderground,CO-1694-LAX-IAH,07:15 PM,07:25 PM,11:52 PM,12:02 AM,on_time
1697,wunderground,CO-1193-EWR-MCO,09:15 AM,09:57 AM,12:08 PM,12:02 PM,early
1698,wunderground,AA-3842-MSP-ORD,06:00 AM,06:56 AM,06:50 AM,07:49 AM,late
1699,wunderground,AA-643-MIA-ORD,07:10 AM,07:31 AM,09:00 AM,09:26 AM,late
1700,wunderground,AA-1007-MIA-PHX,04:55 PM,05:08 PM,07:38 PM,07:43 PM,on_time
1701,wunderground,UA-2906-PHL-MCO,03:50 PM,04:45 PM,06:00 PM,06:34 PM,late
1702,wunderground,AA-1221-MCO-ORD,08:00 PM,08:23 PM,09:25 PM,09:47 PM,late
1703,wunderground,AA-400-DFW-JFK,10:40 AM,11:01 AM,02:35 PM,02:58 PM,late
1704,wunderground,UA-664-ORD-PHL,01:33 PM,01:48 PM,04:20 PM,04:20 PM,on_time
1705,wunderground,UA-37-EWR-MCO,01:29 PM,02:01 PM,03:55 PM,04:06 PM,on_time
1706,wunderground,UA-233-LAX-JFK,04:25 PM,04:35 PM,12:09 AM,12:19 AM,on_time
1707,wunderground,AA-3823-LAX-DEN,09:00 PM,09:16 PM,12:05 AM,12:01 AM,on_time
1708,wunderground,AA-2312-DFW-DTW,08:25 PM,08:29 PM,11:31 PM,11:35 PM,on_time
1709,wunderground,AA-1165-JFK-MIA,06:59 AM,07:22 AM,09:25 AM,09:45 AM,late
1710,wunderground,AA-431-MIA-SFO,08:35 AM,08:51 AM,11:22 AM,11:33 AM,on_time
1711,wunderground,AA-649-ORD-SNA,01:30 PM,01:40 PM,03:30 PM,03:40 PM,on_time
1712,wunderground,UA-828-SFO-ORD,11:08 PM,11:35 PM,05:08 AM,05:21 AM,on_time
1713,wunderground,CO-4888-IAH-DAL,05:30 PM,06:11 PM,06:15 PM,06:56 PM,late
1714,wunderground,AA-3063-SLC-LAX,08:20 PM,08:40 PM,09:10 PM,09:11 PM,on_time
1715,wunderground,AA-3804-PHL-ORD,02:35 PM,02:44 PM,03:55 PM,03:36 PM,early
1716,wunderground,AA-1917-JFK-MCO,02:55 PM,03:27 PM,05:17 PM,05:39 PM,late
1717,wunderground,AA-2268-PHX-ORD,07:15 AM,07:23 AM,10:57 AM,11:04 AM,on_time
1718,wunderground,AA-4277-CVG-JFK,12:10 PM,12:10 PM,02:05 PM,01:42 PM,early
1719,wunderground,AA-789-ORD-DEN,01:05 PM,01:19 PM,02:17 PM,02:49 PM,late
1720,wunderground,AA-85-JFK-SFO,03:05 PM,03:36 PM,05:57 PM,06:30 PM,late
1721,wunderground,AA-3786-IAH-ORD,04:00 PM,04:12 PM,06:30 PM,06:11 PM,early
1722,wunderground,AA-222-LAX-BOS,07:10 AM,07:32 AM,02:52 PM,03:12 PM,late
1723,wunderground,UA-3099-PHX-PHL,11:55 AM,11:55 AM,06:07 PM,05:34 PM,early
1724,wunderground,AA-4198-ORD-CLE,10:40 AM,10:55 AM,12:45 PM,12:37 PM,early
1725,wunderground,CO-45-EWR-MIA,04:00 PM,04:14 PM,06:31 PM,06:33 PM,on_time
1726,wunderground,AA-3809-PHX-LAX,06:00 AM,06:10 AM,06:30 AM,06:09 AM,early
1727,wunderground,AA-59-JFK-SFO,07:10 AM,07:39 AM,10:09 AM,10:52 AM,late
1728,ua,UA-397-JFK-SFO,08:00 AM,08:29 AM,11:55 AM,11:58 AM,on_time
1729,ua,UA-3925-IAD-ORF,08:41 AM,08:42 AM,09:54 AM,09:43 AM,early
1730,ua,UA-2830-MCO-CLT,03:27 PM,03:27 PM,05:05 PM,05:17 PM,on_time
1731,ua,UA-5487-SFO-MRY,10:39 AM,10:33 AM,11:19 AM,11:21 AM,on_time
1732,ua,UA-2726-FLL-PHL,04:00 PM,04:00 PM,06:46 PM,06:28 PM,early
1733,ua,UA-3050-PHX-CLT,11:05 AM,11:30 AM,04:57 PM,05:05 PM,on_time
1734,ua,UA-382-IAD-LAX,12:30 PM,12:35 PM            Delayed,03:19 PM,03:21 PM,on_time
1735,ua,UA-2945-PHL-CLT,12:00 AM,03:11 AM,01:45 PM,01:15 PM,early
1736,ua,UA-854-SFO-IAH,07:53 AM,07:49 AM,01:39 PM,01:30 PM,early
1737,ua,UA-3515-IAD-MSP,08:15 AM,08:12 AM,10:06 AM,09:56 AM,early
1738,ua,UA-248-PHX-ORD,12:57 PM,1:32 PM            Delayed,05:15 PM,05:34 PM,late
1739,ua,UA-843-LAX-ORD,01:55 PM,02:10 PM,07:53 PM,07:58 PM,on_time
1740,ua,UA-2906-PHL-MCO,03:50 PM,4:28 PM            Delayed,06:23 PM,06:38 PM,on_time
1741,ua,UA-938-DEN-ORD,04:16 PM,04:15 PM,07:35 PM,07:36 PM,on_time
1742,ua,UA-2515-DFW-CLT,07:05 AM,07:05 AM,10:31 AM,10:47 AM,late
1743,ua,UA-664-ORD-PHL,01:33 PM,01:31 PM,04:31 PM,04:23 PM,early
1744,ua,UA-37-EWR-MCO,01:29 PM,1:48 PM            Delayed,04:17 PM,04:17 PM,on_time
1746,ua,UA-3373-IAD-PHL,08:29 AM,08:26 AM,09:24 AM,09:13 AM,early
1747,ua,UA-6273-YYC-SFO,07:35 AM,07:27 AM,09:43 AM,08:45 AM,early
1749,ua,UA-858-PVG-SFO,01:45 PM,01:32 PM,08:27 AM,08:02 AM,early
1750,ua,UA-2704-DTW-PHX,11:15 AM,11:15 AM,01:40 PM,02:00 PM,late
1751,ua,UA-2708-EWR-CLT,02:55 PM,02:55 PM,04:53 PM,04:44 PM,early
1752,ua,UA-62-IAH-EWR,02:30 PM,02:48 PM,07:03 PM,07:10 PM,on_time
1753,ua,UA-1500-IAH-GUA,08:55 AM,9:16 AM            Delayed,11:45 AM,11:56 AM,on_time
1754,ua,UA-2314-ATL-PHL,02:55 PM,02:55 PM,05:00 PM,04:47 PM,early
1755,ua,UA-37-EDI-EWR,09:05 AM,08:52 AM,11:53 AM,12:09 PM,late
1756,ua,UA-3099-PHX-PHL,11:55 AM,11:55 AM,06:17 PM,05:38 PM,early
1757,ua,UA-414-LAX-SFO,06:00 AM,05:56 AM,07:23 AM,07:17 AM,early
1758,ua,UA-257-JFK-SFO,02:30 PM,02:26 PM,06:15 PM,05:42 PM,early
1759,flylouisville,AA-3859-IAH-ORD,07:10 AM,07:16 AM,09:40 AM,09:32 AM,early
1761,flylouisville,AA-518-MIA-JFK,06:40 AM,06:54 AM,09:25 AM,09:28 AM,on_time
1762,flylouisville,UA-397-JFK-SFO,08:00 AM,08:29 AM,11:55 AM,11:58 AM,on_time
1765,flylouisville,AA-3-JFK-LAX,12:00 PM,12:11 PM,03:15 PM,03:16 PM,on_time
1766,flylouisville,UA-2830-MCO-CLT,03:27 PM,03:28 PM,05:05 PM,05:17 PM,on_time
1772,flylouisville,UA-2726-FLL-PHL,04:00 PM,03:58 PM,06:46 PM,06:28 PM,early
1775,flylouisville,AA-616-DFW-DTW,09:05 AM,10:10 AM,12:35 PM,01:27 PM,late
1777,flylouisville,AA-3468-CVG-MIA,07:00 AM,07:25 AM,09:55 AM,09:45 AM,early
1778,flylouisville,AA-484-DFW-MIA,04:15 PM,04:29 PM,07:55 PM,07:39 PM,early
1783,flylouisville,AA-446-DFW-PHL,11:50 AM,12:12 PM,03:50 PM,04:09 PM,late
1785,flylouisville,AA-466-IAH-MIA,06:00 AM,06:08 AM,09:20 AM,09:05 AM,early
1786,flylouisville,UA-3050-PHX-CLT,11:05 AM,11:30 AM,04:57 PM,05:05 PM,on_time
1789,flylouisville,AA-1664-MIA-ATL,10:15 AM,10:18 AM,12:10 PM,11:56 AM,early
1794,flylouisville,UA-257-JFK-SFO,02:30 PM,02:26 PM,06:15 PM,05:42 PM,early
1795,flylouisville,UA-2945-PHL-CLT,12:00 PM,11:51 AM,01:45 PM,01:15 PM,early
1798,flylouisville,AA-2050-ORD-MIA,10:40 AM,11:05 AM,02:45 PM,02:46 PM,on_time
1801,flylouisville,AA-1434-DFW-MCO,07:15 AM,07:21 AM,10:35 AM,10:36 AM,on_time
1803,flylouisville,AA-4307-ORD-DTW,06:45 PM,06:55 PM,09:10 PM,08:53 PM,early
1806,flylouisville,CO-1193-EWR-MCO,09:15 AM,09:14 AM,12:18 PM,12:09 PM,early
1807,flylouisville,AA-3842-MSP-ORD,06:00 AM,06:56 AM,07:30 AM,07:51 AM,late
1808,flylouisville,AA-643-MIA-ORD,07:10 AM,07:30 AM,09:35 AM,09:31 AM,on_time
1810,flylouisville,UA-2906-PHL-MCO,03:50 PM,04:28 PM,06:23 PM,06:38 PM,on_time
1812,flylouisville,AA-1221-MCO-ORD,08:00 PM,08:23 PM,09:45 PM,09:53 PM,on_time
1816,flylouisville,UA-664-ORD-PHL,01:33 PM,01:31 PM,04:31 PM,04:23 PM,early
1817,flylouisville,AA-3756-ORD-SLC,12:15 PM,12:41 PM,02:45 PM,02:50 PM,on_time
1823,flylouisville,AA-1165-JFK-MIA,06:59 AM,07:22 AM,10:34 AM,10:04 AM,early
1824,flylouisville,AA-431-MIA-SFO,08:35 AM,08:51 AM,11:50 AM,11:44 AM,early
1837,flylouisville,AA-3804-PHL-ORD,02:35 PM,02:44 PM,04:05 PM,03:43 PM,early
1838,flylouisville,AA-1917-JFK-MCO,02:55 PM,03:27 PM,05:55 PM,05:43 PM,early
1839,flylouisville,AA-2268-PHX-ORD,07:15 AM,07:22 AM,11:35 AM,11:06 AM,early
1840,flylouisville,AA-4277-CVG-JFK,12:10 PM,12:10 PM,02:15 PM,01:43 PM,early
1841,flylouisville,AA-2957-DFW-CVG,07:55 AM,08:04 AM,11:05 AM,11:01 AM,on_time
1843,flylouisville,AA-789-ORD-DEN,01:05 PM,01:19 PM,02:35 PM,03:13 PM,late
1845,flylouisville,AA-85-JFK-SFO,03:05 PM,03:36 PM,06:30 PM,06:43 PM,on_time
1846,flylouisville,AA-3979-CVG-ORD,07:30 AM,08:04 AM,08:00 AM,08:06 AM,on_time
1848,flylouisville,AA-3786-IAH-ORD,04:00 PM,04:12 PM,06:40 PM,06:15 PM,early
1849,flylouisville,AA-271-MIA-LAX,11:35 AM,11:52 AM,02:25 PM,02:27 PM,on_time
1850,flylouisville,AA-2525-DFW-MIA,07:25 AM,07:39 AM,11:10 AM,11:06 AM,on_time
1852,flylouisville,UA-3099-PHX-PHL,11:55 AM,11:43 AM,06:17 PM,05:38 PM,early
1853,flylouisville,AA-4198-ORD-CLE,10:40 AM,10:54 AM,12:55 PM,12:50 PM,early
1854,flylouisville,AA-404-MIA-MCO,06:45 AM,06:57 AM,07:45 AM,07:40 AM,early
1855,flylouisville,CO-45-EWR-MIA,04:00 PM,03:58 PM,07:05 PM,06:36 PM,early
1856,flylouisville,AA-3809-PHX-LAX,06:00 AM,06:10 AM,06:40 AM,06:19 AM,early
1857,flylouisville,AA-59-JFK-SFO,07:10 AM,07:39 AM,10:45 AM,11:12 AM,late
1858,flylouisville,AA-222-LAX-BOS,07:10 AM,07:31 AM,03:30 PM,03:14 PM,early
1859,quicktrip,AA-3859-IAH-ORD,07:10 AM,07:16 AM,09:40 AM,09:32 AM,early
1860,quicktrip,CO-1586-IAH-MCO,07:00 PM,07:14 PM,10:15 PM,10:29 PM,on_time
1861,quicktrip,AA-518-MIA-JFK,06:40 AM,06:54 AM,09:25 AM,09:28 AM,on_time
1862,quicktrip,UA-397-JFK-SFO,08:00 AM,08:29 AM,11:55 AM,11:58 AM,on_time
1863,quicktrip,UA-3925-IAD-ORF,08:41 AM,08:42 AM,09:54 AM,09:43 AM,early
1865,quicktrip,AA-4344-ORD-DTW,11:45 AM,12:13 PM,02:00 PM,02:10 PM,on_time
1867,quicktrip,UA-2830-MCO-CLT,03:27 PM,03:28 PM,05:05 PM,05:17 PM,on_time
1868,quicktrip,CO-58-DEN-IAH,11:25 AM,11:32 AM,02:50 PM,03:31 PM,late
1870,quicktrip,UA-414-LAX-SFO,06:00 AM,05:56 AM,07:23 AM,07:17 AM,early
1871,quicktrip,CO-1614-LAX-IAH,12:30 AM,12:41 AM,05:35 AM,05:26 AM,early
1872,quicktrip,UA-2726-FLL-PHL,04:00 PM,03:58 PM,06:46 PM,06:28 PM,early
1873,quicktrip,CO-52-IAH-LAX,07:35 AM,07:29 AM,09:21 AM,09:14 AM,early
1874,quicktrip,CO-1090-BOS-IAH,09:45 AM,10:19 AM,01:16 PM,01:19 PM,on_time
1875,quicktrip,AA-3468-CVG-MIA,07:00 AM,07:25 AM,09:55 AM,09:45 AM,early
1876,quicktrip,UA-3515-IAD-MSP,08:15 AM,08:12 AM,10:06 AM,09:56 AM,early
1877,quicktrip,AA-484-DFW-MIA,04:15 PM,04:29 PM,07:55 PM,07:39 PM,early
1878,quicktrip,AA-616-DFW-DTW,09:05 AM,10:10 AM,12:35 PM,01:27 PM,late
1879,quicktrip,CO-62-IAH-EWR,02:30 PM,02:48 PM,07:03 PM,07:10 PM,on_time
1880,quicktrip,CO-63-EWR-IAH,05:25 PM,05:22 PM,08:22 PM,08:03 PM,early
1881,quicktrip,AA-446-DFW-PHL,11:50 AM,12:12 PM,03:50 PM,04:09 PM,late
1882,quicktrip,CO-1023-IAH-DEN,11:40 AM,11:56 AM,01:17 PM,01:14 PM,on_time
1883,quicktrip,AA-466-IAH-MIA,06:00 AM,06:08 AM,09:20 AM,09:05 AM,early
1884,quicktrip,UA-3050-PHX-CLT,11:05 AM,11:30 AM,04:57 PM,05:05 PM,on_time
1885,quicktrip,CO-89-IAH-EWR,06:00 AM,06:02 AM,10:20 AM,10:27 AM,on_time
1886,quicktrip,CO-1088-CLE-IAH,08:40 AM,08:40 AM,10:54 AM,10:56 AM,on_time
1887,quicktrip,AA-2957-DFW-CVG,07:55 AM,08:04 AM,11:05 AM,11:01 AM,on_time
1888,quicktrip,AA-1664-MIA-ATL,10:15 AM,10:18 AM,12:10 PM,11:56 AM,early
1889,quicktrip,AA-3979-CVG-ORD,07:30 AM,08:04 AM,08:00 AM,08:06 AM,on_time
1891,quicktrip,AA-404-MIA-MCO,06:45 AM,06:57 AM,07:45 AM,07:40 AM,early
1892,quicktrip,AA-3756-ORD-SLC,12:15 PM,12:41 PM,02:45 PM,02:50 PM,on_time
1893,quicktrip,UA-382-IAD-LAX,12:30 PM,12:35 PM,03:19 PM,03:21 PM,on_time
1894,quicktrip,UA-2945-PHL-CLT,12:00 PM,11:51 AM,01:45 PM,01:15 PM,early
1896,quicktrip,AA-271-MIA-LAX,11:35 AM,11:52 AM,02:25 PM,02:27 PM,on_time
1897,quicktrip,AA-2050-ORD-MIA,10:40 AM,11:05 AM,02:45 PM,02:46 PM,on_time
1898,quicktrip,UA-248-PHX-ORD,12:57 PM,01:32 PM,05:15 PM,05:34 PM,late
1899,quicktrip,AA-4330-CVG-ORD,03:35 PM,03:36 PM,04:00 PM,03:33 PM,early
1900,quicktrip,AA-1434-DFW-MCO,07:15 AM,07:21 AM,10:35 AM,10:36 AM,on_time
1901,quicktrip,CO-1561-PHX-IAH,08:05 AM,08:00 AM,11:35 AM,11:32 AM,on_time
1902,quicktrip,AA-4307-ORD-DTW,06:45 PM,06:55 PM,09:10 PM,08:53 PM,early
1903,quicktrip,AA-3-JFK-LAX,12:00 PM,12:11 PM,03:15 PM,03:16 PM,on_time
1905,quicktrip,UA-843-LAX-ORD,01:55 PM,02:10 PM,07:53 PM,07:58 PM,on_time
1906,quicktrip,CO-1193-EWR-MCO,09:15 AM,09:14 AM,12:18 PM,12:09 PM,early
1907,quicktrip,AA-3842-MSP-ORD,06:00 AM,06:56 AM,07:30 AM,07:51 AM,late
1908,quicktrip,AA-643-MIA-ORD,07:10 AM,07:30 AM,09:35 AM,09:31 AM,on_time
1909,quicktrip,AA-1007-MIA-PHX,04:55 PM,05:08 PM,08:05 PM,07:55 PM,early
1910,quicktrip,AA-2525-DFW-MIA,07:25 AM,07:39 AM,11:10 AM,11:06 AM,on_time
1911,quicktrip,UA-2906-PHL-MCO,03:50 PM,04:28 PM,06:23 PM,06:38 PM,on_time
1912,quicktrip,UA-938-DEN-ORD,04:16 PM,04:15 PM,07:35 PM,07:36 PM,on_time
1913,quicktrip,AA-1221-MCO-ORD,08:00 PM,08:23 PM,09:45 PM,09:53 PM,on_time
1914,quicktrip,CO-16-LAX-EWR,10:25 AM,10:20 AM,06:44 PM,06:34 PM,early
1915,quicktrip,UA-2515-DFW-CLT,07:05 AM,07:07 AM,10:31 AM,10:47 AM,late
1916,quicktrip,AA-400-DFW-JFK,10:40 AM,11:01 AM,02:59 PM,03:04 PM,on_time
1917,quicktrip,UA-664-ORD-PHL,01:33 PM,01:31 PM,04:31 PM,04:23 PM,early
1918,quicktrip,UA-37-EWR-MCO,01:29 PM,01:48 PM,04:17 PM,04:17 PM,on_time
1923,quicktrip,UA-2314-ATL-PHL,02:55 PM,02:46 PM,05:00 PM,04:47 PM,early
1924,quicktrip,AA-1165-JFK-MIA,06:59 AM,07:22 AM,10:34 AM,10:04 AM,early
1925,quicktrip,AA-431-MIA-SFO,08:35 AM,08:51 AM,11:50 AM,11:44 AM,early
1926,quicktrip,UA-257-JFK-SFO,02:30 PM,02:26 PM,06:15 PM,05:42 PM,early
1927,quicktrip,UA-3373-IAD-PHL,08:29 AM,08:26 AM,09:24 AM,09:13 AM,early
1928,quicktrip,CO-1250-MIA-IAH,02:53 PM,03:01 PM,04:48 PM,04:59 PM,on_time
1931,quicktrip,UA-2704-DTW-PHX,11:15 AM,11:15 AM,01:40 PM,02:00 PM,late
1933,quicktrip,UA-2708-EWR-CLT,02:55 PM,02:52 PM,04:53 PM,04:44 PM,early
1934,quicktrip,UA-62-IAH-EWR,02:30 PM,02:48 PM,07:03 PM,07:10 PM,on_time
1935,quicktrip,AA-3804-PHL-ORD,02:35 PM,02:44 PM,04:05 PM,03:43 PM,early
1936,quicktrip,AA-1917-JFK-MCO,02:55 PM,03:27 PM,05:55 PM,05:43 PM,early
1937,quicktrip,AA-2268-PHX-ORD,07:15 AM,07:22 AM,11:35 AM,11:06 AM,early
1938,quicktrip,AA-4277-CVG-JFK,12:10 PM,12:10 PM,02:15 PM,01:43 PM,early
1939,quicktrip,AA-789-ORD-DEN,01:05 PM,01:19 PM,02:35 PM,03:13 PM,late
1940,quicktrip,UA-854-SFO-IAH,07:53 AM,07:49 AM,01:39 PM,01:30 PM,early
1941,quicktrip,AA-415-BOS-ORD,08:35 AM,08:56 AM,10:40 AM,10:16 AM,early
1942,quicktrip,AA-85-JFK-SFO,03:05 PM,03:36 PM,06:30 PM,06:43 PM,on_time
1943,quicktrip,AA-3786-IAH-ORD,04:00 PM,04:12 PM,06:40 PM,06:15 PM,early
1944,quicktrip,AA-222-LAX-BOS,07:10 AM,07:31 AM,03:30 PM,03:14 PM,early
1945,quicktrip,CO-50-CLE-EWR,02:55 PM,03:31 PM,04:49 PM,05:26 PM,late
1946,quicktrip,UA-3099-PHX-PHL,11:55 AM,11:43 AM,06:17 PM,05:38 PM,early
1947,quicktrip,AA-4198-ORD-CLE,10:40 AM,10:54 AM,12:55 PM,12:50 PM,early
1948,quicktrip,CO-45-EWR-MIA,04:00 PM,03:58 PM,07:05 PM,06:36 PM,early
1949,quicktrip,AA-3809-PHX-LAX,06:00 AM,06:10 AM,06:40 AM,06:19 AM,early
1950,quicktrip,AA-59-JFK-SFO,07:10 AM,07:39 AM,10:45 AM,11:12 AM,late
1951,allegiantair,AA-3859-IAH-ORD,07:10 AM,07:16 AM,09:40 AM,09:22 AM,early
1953,allegiantair,AA-518-MIA-JFK,06:40 AM,06:54 AM,09:25 AM,09:28 AM,on_time
1954,allegiantair,UA-397-JFK-SFO,08:00 AM,08:49 AM,11:55 AM,11:58 AM,on_time
1957,allegiantair,AA-3-JFK-LAX,12:00 PM,12:12 PM,03:15 PM,03:16 PM,on_time
1958,allegiantair,UA-2830-MCO-CLT,03:27 PM,03:50 PM,05:05 PM,05:17 PM,on_time
1964,allegiantair,UA-2726-FLL-PHL,04:00 PM,04:10 PM,06:46 PM,06:25 PM,early
1967,allegiantair,AA-616-DFW-DTW,09:05 AM,10:11 AM,12:35 PM,01:18 PM,late
1969,allegiantair,AA-3468-CVG-MIA,07:00 AM,07:25 AM,09:55 AM,09:45 AM,early
1970,allegiantair,AA-484-DFW-MIA,04:15 PM,04:30 PM,07:55 PM,07:39 PM,early
1975,allegiantair,AA-446-DFW-PHL,11:50 AM,12:13 PM,03:50 PM,04:09 PM,late
1977,allegiantair,AA-466-IAH-MIA,06:00 AM,06:09 AM,09:20 AM,09:05 AM,early
1978,allegiantair,UA-3050-PHX-CLT,11:05 AM,11:45 AM,04:57 PM,05:03 PM,on_time
1981,allegiantair,AA-1664-MIA-ATL,10:15 AM,10:19 AM,12:10 PM,11:50 AM,early
1982,allegiantair,AA-1279-DFW-PHX,01:00 PM,02:04 PM,02:35 PM,03:19 PM,late
1986,allegiantair,UA-257-JFK-SFO,02:30 PM,02:43 PM,06:15 PM,05:42 PM,early
1987,allegiantair,UA-2945-PHL-CLT,12:00 PM,12:08 PM,01:45 PM,01:14 PM,early
1990,allegiantair,AA-2050-ORD-MIA,10:40 AM,11:06 AM,02:45 PM,02:46 PM,on_time
1993,allegiantair,AA-1434-DFW-MCO,07:15 AM,07:22 AM,10:35 AM,10:29 AM,early
1995,allegiantair,AA-4307-ORD-DTW,06:45 PM,06:56 PM,09:10 PM,08:43 PM,early
1998,allegiantair,CO-1193-EWR-MCO,09:15 AM,09:58 AM,12:18 PM,12:09 PM,early
1999,allegiantair,AA-3842-MSP-ORD,06:00 AM,06:57 AM,07:30 AM,07:51 AM,late
2000,allegiantair,AA-643-MIA-ORD,07:10 AM,07:31 AM,09:35 AM,09:29 AM,early
2002,allegiantair,UA-2906-PHL-MCO,03:50 PM,04:46 PM,06:23 PM,06:35 PM,on_time
2004,allegiantair,AA-1221-MCO-ORD,08:00 PM,08:23 PM,09:45 PM,09:49 PM,on_time
2007,allegiantair,AA-400-DFW-JFK,10:40 AM,11:02 AM,02:59 PM,03:04 PM,on_time
2008,allegiantair,UA-664-ORD-PHL,01:33 PM,01:48 PM,04:31 PM,04:23 PM,early
2009,allegiantair,AA-3756-ORD-SLC,12:15 PM,12:42 PM,02:45 PM,02:52 PM,on_time
2015,allegiantair,AA-1165-JFK-MIA,06:59 AM,07:23 AM,10:34 AM,10:04 AM,early
2016,allegiantair,AA-431-MIA-SFO,08:35 AM,08:52 AM,11:50 AM,11:44 AM,early
2029,allegiantair,AA-3804-PHL-ORD,02:35 PM,02:44 PM,04:05 PM,03:36 PM,early
2030,allegiantair,AA-1917-JFK-MCO,02:55 PM,03:28 PM,05:55 PM,05:34 PM,early
2031,allegiantair,AA-2268-PHX-ORD,07:15 AM,07:23 AM,11:35 AM,11:07 AM,early
2032,allegiantair,AA-4277-CVG-JFK,12:10 PM,12:11 PM,02:15 PM,01:43 PM,early
2033,allegiantair,AA-2957-DFW-CVG,07:55 AM,08:05 AM,11:05 AM,11:00 AM,early
2035,allegiantair,AA-789-ORD-DEN,01:05 PM,01:20 PM,02:35 PM,03:01 PM,late
2037,allegiantair,AA-85-JFK-SFO,03:05 PM,03:38 PM,06:30 PM,06:43 PM,on_time
2038,allegiantair,AA-3979-CVG-ORD,07:30 AM,08:04 AM,08:00 AM,07:57 AM,on_time
2040,allegiantair,AA-3786-IAH-ORD,04:00 PM,04:12 PM,06:40 PM,06:09 PM,early
2041,allegiantair,AA-271-MIA-LAX,11:35 AM,11:52 AM,02:25 PM,02:27 PM,on_time
2042,allegiantair,AA-2525-DFW-MIA,07:25 AM,07:40 AM,11:10 AM,11:06 AM,on_time
2044,allegiantair,UA-3099-PHX-PHL,11:55 AM,11:55 AM,06:17 PM,06:17 PM,on_time
2045,allegiantair,AA-4198-ORD-CLE,10:40 AM,10:55 AM,12:55 PM,12:48 PM,early
2046,allegiantair,AA-404-MIA-MCO,06:45 AM,06:58 AM,07:45 AM,07:32 AM,early
2047,allegiantair,CO-45-EWR-MIA,04:00 PM,04:15 PM,07:05 PM,06:36 PM,early
2048,allegiantair,AA-3809-PHX-LAX,06:00 AM,06:11 AM,06:40 AM,06:19 AM,early
2049,allegiantair,AA-59-JFK-SFO,07:10 AM,07:40 AM,10:45 AM,11:12 AM,late
2050,allegiantair,AA-222-LAX-BOS,07:10 AM,07:32 AM,03:30 PM,03:14 PM,early
2051,businesstravellogue,AA-3859-IAH-ORD,07:10 AM,07:16 AM,09:40 AM,09:32 AM,early
2053,businesstravellogue,AA-518-MIA-JFK,06:40 AM,06:54 AM,09:25 AM,09:28 AM,on_time
2054,businesstravellogue,UA-397-JFK-SFO,08:00 AM,08:29 AM,11:55 AM,11:58 AM,on_time
2057,businesstravellogue,AA-3-JFK-LAX,12:00 PM,12:11 PM,03:15 PM,03:16 PM,on_time
2058,businesstravellogue,UA-2830-MCO-CLT,03:27 PM,03:28 PM,05:05 PM,05:17 PM,on_time
2064,businesstravellogue,UA-2726-FLL-PHL,04:00 PM,03:58 PM,06:46 PM,06:28 PM,early
2067,businesstravellogue,AA-616-DFW-DTW,09:05 AM,10:10 AM,12:35 PM,01:27 PM,late
2069,businesstravellogue,AA-3468-CVG-MIA,07:00 AM,07:25 AM,09:55 AM,09:45 AM,early
2070,businesstravellogue,AA-484-DFW-MIA,04:15 PM,04:29 PM,07:55 PM,07:39 PM,early
2075,businesstravellogue,AA-446-DFW-PHL,11:50 AM,12:12 PM,03:50 PM,04:09 PM,late
2077,businesstravellogue,AA-466-IAH-MIA,06:00 AM,06:08 AM,09:20 AM,09:05 AM,early
2078,businesstravellogue,UA-3050-PHX-CLT,11:05 AM,11:30 AM,04:57 PM,05:05 PM,on_time
2081,businesstravellogue,AA-1664-MIA-ATL,10:15 AM,10:18 AM,12:10 PM,11:56 AM,early
2086,businesstravellogue,UA-257-JFK-SFO,02:30 PM,02:26 PM,06:15 PM,05:42 PM,early
2087,businesstravellogue,UA-2945-PHL-CLT,12:00 PM,11:51 AM,01:45 PM,01:15 PM,early
2090,businesstravellogue,AA-2050-ORD-MIA,10:40 AM,11:05 AM,02:45 PM,02:46 PM,on_time
2093,businesstravellogue,AA-1434-DFW-MCO,07:15 AM,07:21 AM,10:35 AM,10:36 AM,on_time
2095,businesstravellogue,AA-4307-ORD-DTW,06:45 PM,06:55 PM,09:10 PM,08:53 PM,early
2098,businesstravellogue,CO-1193-EWR-MCO,09:15 AM,09:14 AM,12:18 PM,12:09 PM,early
2099,businesstravellogue,AA-3842-MSP-ORD,06:00 AM,06:56 AM,07:30 AM,07:51 AM,late
2100,businesstravellogue,AA-643-MIA-ORD,07:10 AM,07:30 AM,09:35 AM,09:31 AM,on_time
2102,businesstravellogue,UA-2906-PHL-MCO,03:50 PM,04:28 PM,06:23 PM,06:38 PM,on_time
2104,businesstravellogue,AA-1221-MCO-ORD,08:00 PM,08:23 PM,09:45 PM,09:53 PM,on_time
2108,businesstravellogue,UA-664-ORD-PHL,01:33 PM,01:31 PM,04:31 PM,04:23 PM,early
2109,businesstravellogue,AA-3756-ORD-SLC,12:15 PM,12:41 PM,02:45 PM,02:50 PM,on_time
2115,businesstravellogue,AA-1165-JFK-MIA,06:59 AM,07:22 AM,10:34 AM,10:04 AM,early
2116,businesstravellogue,AA-431-MIA-SFO,08:35 AM,08:51 AM,11:50 AM,11:44 AM,early
2129,businesstravellogue,AA-3804-PHL-ORD,02:35 PM,02:44 PM,04:05 PM,03:43 PM,early
2130,businesstravellogue,AA-1917-JFK-MCO,02:55 PM,03:27 PM,05:55 PM,05:43 PM,early
2131,businesstravellogue,AA-2268-PHX-ORD,07:15 AM,07:22 AM,11:35 AM,11:06 AM,early
2132,businesstravellogue,AA-4277-CVG-JFK,12:10 PM,12:10 PM,02:15 PM,01:43 PM,early
2133,businesstravellogue,AA-2957-DFW-CVG,07:55 AM,08:04 AM,11:05 AM,11:01 AM,on_time
2135,businesstravellogue,AA-789-ORD-DEN,01:05 PM,01:19 PM,02:35 PM,03:13 PM,late
2137,businesstravellogue,AA-85-JFK-SFO,03:05 PM,03:36 PM,06:30 PM,06:43 PM,on_time
2138,businesstravellogue,AA-3979-CVG-ORD,07:30 AM,08:04 AM,08:00 AM,08:06 AM,on_time
2140,businesstravellogue,AA-3786-IAH-ORD,04:00 PM,04:12 PM,06:40 PM,06:15 PM,early
2141,businesstravellogue,AA-271-MIA-LAX,11:35 AM,11:52 AM,02:25 PM,02:27 PM,on_time
2142,businesstravellogue,AA-2525-DFW-MIA,07:25 AM,07:39 AM,11:10 AM,11:06 AM,on_time
2144,businesstravellogue,UA-3099-PHX-PHL,11:55 AM,11:43 AM,06:17 PM,05:38 PM,early
2145,businesstravellogue,AA-4198-ORD-CLE,10:40 AM,10:54 AM,12:55 PM,12:50 PM,early
2146,businesstravellogue,AA-404-MIA-MCO,06:45 AM,06:57 AM,07:45 AM,07:40 AM,early
2147,businesstravellogue,CO-45-EWR-MIA,04:00 PM,03:58 PM,07:05 PM,06:36 PM,early
2148,businesstravellogue,AA-3809-PHX-LAX,06:00 AM,06:10 AM,06:40 AM,06:19 AM,early
2149,businesstravellogue,AA-59-JFK-SFO,07:10 AM,07:39 AM,10:45 AM,11:12 AM,late
2150,businesstravellogue,AA-222-LAX-BOS,07:10 AM,07:31 AM,03:30 PM,03:14 PM,early
2156,gofox,AA-3859-IAH-ORD,07:10 AM,07:16 AM,09:40 AM,09:22 AM,early
2158,gofox,AA-518-MIA-JFK,06:40 AM,06:54 AM,09:25 AM,09:28 AM,on_time
2159,gofox,UA-397-JFK-SFO,08:00 AM,08:49 AM,11:55 AM,11:58 AM,on_time
2162,gofox,AA-3-JFK-LAX,12:00 PM,12:12 PM,03:15 PM,03:16 PM,on_time
2163,gofox,UA-2830-MCO-CLT,03:27 PM,03:50 PM,05:05 PM,05:17 PM,on_time
2169,gofox,UA-2726-FLL-PHL,04:00 PM,04:10 PM,06:46 PM,06:25 PM,early
2172,gofox,AA-616-DFW-DTW,09:05 AM,10:11 AM,12:35 PM,01:18 PM,late
2174,gofox,AA-3468-CVG-MIA,07:00 AM,07:25 AM,09:55 AM,09:45 AM,early
2175,gofox,AA-484-DFW-MIA,04:15 PM,04:30 PM,07:55 PM,07:39 PM,early
2180,gofox,AA-446-DFW-PHL,11:50 AM,12:13 PM,03:50 PM,04:09 PM,late
2182,gofox,AA-466-IAH-MIA,06:00 AM,06:09 AM,09:20 AM,09:05 AM,early
2183,gofox,UA-3050-PHX-CLT,11:05 AM,11:45 AM,04:57 PM,05:03 PM,on_time
2186,gofox,AA-1664-MIA-ATL,10:15 AM,10:19 AM,12:10 PM,11:50 AM,early
2187,gofox,AA-1279-DFW-PHX,01:00 PM,02:04 PM,02:35 PM,03:19 PM,late
2191,gofox,UA-257-JFK-SFO,02:30 PM,02:43 PM,06:15 PM,05:42 PM,early
2192,gofox,UA-2945-PHL-CLT,12:00 PM,12:08 PM,01:45 PM,01:14 PM,early
2195,gofox,AA-2050-ORD-MIA,10:40 AM,11:06 AM,02:45 PM,02:46 PM,on_time
2198,gofox,AA-1434-DFW-MCO,07:15 AM,07:22 AM,10:35 AM,10:29 AM,early
2200,gofox,AA-4307-ORD-DTW,06:45 PM,06:56 PM,09:10 PM,08:43 PM,early
2203,gofox,CO-1193-EWR-MCO,09:15 AM,09:58 AM,12:18 PM,12:09 PM,early
2204,gofox,AA-3842-MSP-ORD,06:00 AM,06:57 AM,07:30 AM,07:51 AM,late
2205,gofox,AA-643-MIA-ORD,07:10 AM,07:31 AM,09:35 AM,09:29 AM,early
2207,gofox,UA-2906-PHL-MCO,03:50 PM,04:46 PM,06:23 PM,06:35 PM,on_time
2209,gofox,AA-1221-MCO-ORD,08:00 PM,08:23 PM,09:45 PM,09:49 PM,on_time
2212,gofox,AA-400-DFW-JFK,10:40 AM,11:02 AM,02:59 PM,03:04 PM,on_time
2213,gofox,UA-664-ORD-PHL,01:33 PM,01:48 PM,04:31 PM,04:23 PM,early
2214,gofox,AA-3756-ORD-SLC,12:15 PM,12:42 PM,02:45 PM,02:52 PM,on_time
2220,gofox,AA-1165-JFK-MIA,06:59 AM,07:23 AM,10:34 AM,10:04 AM,early
2221,gofox,AA-431-MIA-SFO,08:35 AM,08:52 AM,11:50 AM,11:44 AM,early
2234,gofox,AA-3804-PHL-ORD,02:35 PM,02:44 PM,04:05 PM,03:36 PM,early
2235,gofox,AA-1917-JFK-MCO,02:55 PM,03:28 PM,05:55 PM,05:34 PM,early
2236,gofox,AA-2268-PHX-ORD,07:15 AM,07:23 AM,11:35 AM,11:07 AM,early
2237,gofox,AA-4277-CVG-JFK,12:10 PM,12:11 PM,02:15 PM,01:43 PM,early
2238,gofox,AA-2957-DFW-CVG,07:55 AM,08:05 AM,11:05 AM,11:00 AM,early
2240,gofox,AA-789-ORD-DEN,01:05 PM,01:20 PM,02:35 PM,03:01 PM,late
2242,gofox,AA-85-JFK-SFO,03:05 PM,03:38 PM,06:30 PM,06:43 PM,on_time
2243,gofox,AA-3979-CVG-ORD,07:30 AM,08:04 AM,08:00 AM,07:57 AM,on_time
2245,gofox,AA-3786-IAH-ORD,04:00 PM,04:12 PM,06:40 PM,06:09 PM,early
2246,gofox,AA-271-MIA-LAX,11:35 AM,11:52 AM,02:25 PM,02:27 PM,on_time
2247,gofox,AA-2525-DFW-MIA,07:25 AM,07:40 AM,11:10 AM,11:06 AM,on_time
2249,gofox,UA-3099-PHX-PHL,11:55 AM,11:55 AM,06:17 PM,06:17 PM,on_time
2250,gofox,AA-4198-ORD-CLE,10:40 AM,10:55 AM,12:55 PM,12:48 PM,early
2251,gofox,AA-404-MIA-MCO,06:45 AM,06:58 AM,07:45 AM,07:32 AM,early
2252,gofox,CO-45-EWR-MIA,04:00 PM,04:15 PM,07:05 PM,06:36 PM,early
2253,gofox,AA-3809-PHX-LAX,06:00 AM,06:11 AM,06:40 AM,06:19 AM,early
2254,gofox,AA-59-JFK-SFO,07:10 AM,07:40 AM,10:45 AM,11:12 AM,late
2255,gofox,AA-222-LAX-BOS,07:10 AM,07:32 AM,03:30 PM,03:14 PM,early
2256,flightaware,AA-3859-IAH-ORD,07:10 AM,07:16 AM,09:30 AM,09:22 AM,early
2257,flightaware,AA-518-MIA-JFK,06:40 AM,06:54 AM,08:54 AM,09:14 AM,late
2258,flightaware,CO-1586-IAH-MCO,07:00 PM,07:42 PM,09:40 PM,10:24 PM,late
2259,flightaware,UA-3925-IAD-ORF,08:41 AM,08:51 AM,09:34 AM,09:44 AM,on_time
2260,flightaware,AA-1733-ORD-PHX,07:45 PM,07:59 PM,10:15 PM,10:28 PM,on_time
2261,flightaware,AA-204-LAX-MCO,11:25 PM,11:57 PM,06:30 AM,06:55 AM,late
2262,flightaware,UA-2726-FLL-PHL,04:00 PM,04:10 PM,06:34 PM,06:23 PM,early
2263,flightaware,CO-52-IAH-LAX,07:35 AM,07:56 AM,09:11 AM,09:08 AM,on_time
2264,flightaware,AA-3468-CVG-MIA,07:00 AM,07:25 AM,09:45 AM,09:29 AM,early
2265,flightaware,AA-484-DFW-MIA,04:15 PM,04:29 PM,07:26 PM,07:37 PM,on_time
2266,flightaware,AA-616-DFW-DTW,09:05 AM,10:10 AM,12:12 PM,01:11 PM,late
2267,flightaware,AA-446-DFW-PHL,11:50 AM,12:13 PM,03:33 PM,03:59 PM,late
2268,flightaware,CO-1023-IAH-DEN,11:40 AM,12:06 PM,12:51 PM,01:07 PM,late
2269,flightaware,AA-466-IAH-MIA,06:00 AM,06:08 AM,08:51 AM,08:50 AM,on_time
2270,flightaware,UA-3050-PHX-CLT,11:05 AM,11:45 AM,04:37 PM,04:57 PM,late
2271,flightaware,AA-2957-DFW-CVG,07:55 AM,08:05 AM,10:55 AM,10:58 AM,on_time
2272,flightaware,AA-1664-MIA-ATL,10:15 AM,10:19 AM,11:43 AM,11:50 AM,on_time
2273,flightaware,AA-3979-CVG-ORD,07:30 AM,08:04 AM,07:50 AM,07:59 AM,on_time
2274,flightaware,AA-1279-DFW-PHX,01:00 PM,02:04 PM,02:14 PM,03:13 PM,late
2275,flightaware,AA-404-MIA-MCO,06:45 AM,06:57 AM,07:25 AM,07:35 AM,on_time
2276,flightaware,AA-3756-ORD-SLC,12:15 PM,12:42 PM,02:35 PM,02:40 PM,on_time
2277,flightaware,UA-382-IAD-LAX,12:30 PM,12:56 PM,02:48 PM,03:07 PM,late
2278,flightaware,UA-257-JFK-SFO,02:30 PM,02:42 PM,05:40 PM,05:27 PM,early
2279,flightaware,UA-2945-PHL-CLT,12:00 PM,12:07 PM,01:35 PM,01:08 PM,early
2280,flightaware,CO-63-EWR-IAH,05:25 PM,05:38 PM,08:04 PM,07:43 PM,early
2281,flightaware,AA-2525-DFW-MIA,07:25 AM,07:39 AM,10:43 AM,10:43 AM,on_time
2282,flightaware,CO-47-IAH-LAX,07:27 PM,07:27 PM,08:46 PM,08:46 PM,on_time
2283,flightaware,AA-271-MIA-LAX,11:35 AM,11:52 AM,01:57 PM,02:21 PM,late
2284,flightaware,AA-2050-ORD-MIA,10:40 AM,11:05 AM,02:10 PM,02:39 PM,late
2285,flightaware,AA-4330-CVG-ORD,03:35 PM,03:36 PM,03:50 PM,03:26 PM,early
2286,flightaware,AA-1434-DFW-MCO,07:15 AM,07:21 AM,10:18 AM,10:29 AM,on_time
2287,flightaware,AA-1640-MIA-MCO,06:30 PM,06:47 PM,07:08 PM,07:25 PM,late
2288,flightaware,AA-4307-ORD-DTW,06:45 PM,06:56 PM,09:00 PM,08:38 PM,early
2289,flightaware,AA-3-JFK-LAX,12:00 PM,12:12 PM,02:47 PM,03:04 PM,late
2290,flightaware,CO-1694-LAX-IAH,07:15 PM,07:25 PM,11:52 PM,12:02 AM,on_time
2291,flightaware,CO-1193-EWR-MCO,09:15 AM,09:57 AM,12:08 PM,12:02 PM,early
2292,flightaware,AA-3842-MSP-ORD,06:00 AM,06:56 AM,06:50 AM,07:49 AM,late
2293,flightaware,AA-643-MIA-ORD,07:10 AM,07:31 AM,09:00 AM,09:26 AM,late
2294,flightaware,AA-1007-MIA-PHX,04:55 PM,05:08 PM,07:38 PM,07:43 PM,on_time
2295,flightaware,UA-2906-PHL-MCO,03:50 PM,04:45 PM,06:00 PM,06:34 PM,late
2296,flightaware,AA-1221-MCO-ORD,08:00 PM,08:23 PM,09:25 PM,09:47 PM,late
2297,flightaware,AA-400-DFW-JFK,10:40 AM,11:01 AM,02:35 PM,02:58 PM,late
2298,flightaware,UA-664-ORD-PHL,01:33 PM,01:48 PM,04:20 PM,04:20 PM,on_time
2299,flightaware,UA-37-EWR-MCO,01:29 PM,02:01 PM,03:55 PM,04:06 PM,on_time
2300,flightaware,UA-233-LAX-JFK,04:25 PM,04:35 PM,12:09 AM,12:19 AM,on_time
2301,flightaware,AA-3823-LAX-DEN,09:00 PM,09:16 PM,12:05 AM,12:01 AM,on_time
2302,flightaware,AA-2312-DFW-DTW,08:25 PM,08:29 PM,11:31 PM,11:35 PM,on_time
2303,flightaware,AA-1165-JFK-MIA,06:59 AM,07:22 AM,09:25 AM,09:45 AM,late
2304,flightaware,AA-431-MIA-SFO,08:35 AM,08:51 AM,11:22 AM,11:33 AM,on_time
2305,flightaware,AA-649-ORD-SNA,01:30 PM,01:40 PM,03:30 PM,03:40 PM,on_time
2306,flightaware,UA-828-SFO-ORD,11:08 PM,11:35 PM,05:08 AM,05:21 AM,on_time
2307,flightaware,CO-4888-IAH-DAL,05:30 PM,06:11 PM,06:15 PM,06:56 PM,late
2308,flightaware,AA-3063-SLC-LAX,08:20 PM,08:40 PM,09:10 PM,09:11 PM,on_time
2309,flightaware,AA-3804-PHL-ORD,02:35 PM,02:44 PM,03:55 PM,03:36 PM,early
2310,flightaware,AA-1917-JFK-MCO,02:55 PM,03:27 PM,05:17 PM,05:39 PM,late
2311,flightaware,AA-2268-PHX-ORD,07:15 AM,07:23 AM,10:57 AM,11:04 AM,on_time
2312,flightaware,AA-4277-CVG-JFK,12:10 PM,12:10 PM,02:05 PM,01:42 PM,early
2313,flightaware,AA-789-ORD-DEN,01:05 PM,01:19 PM,02:17 PM,02:49 PM,late
2314,flightaware,AA-85-JFK-SFO,03:05 PM,03:36 PM,05:57 PM,06:30 PM,late
2315,flightaware,AA-3786-IAH-ORD,04:00 PM,04:12 PM,06:30 PM,06:11 PM,early
2316,flightaware,AA-222-LAX-BOS,07:10 AM,07:32 AM,02:52 PM,03:12 PM,late
2317,flightaware,UA-3099-PHX-PHL,11:55 AM,11:55 AM,06:07 PM,05:34 PM,early
2318,flightaware,AA-4198-ORD-CLE,10:40 AM,10:55 AM,12:45 PM,12:37 PM,early
2319,flightaware,CO-45-EWR-MIA,04:00 PM,04:14 PM,06:31 PM,06:33 PM,on_time
2320,flightaware,AA-3809-PHX-LAX,06:00 AM,06:10 AM,06:30 AM,06:09 AM,early
2321,flightaware,AA-59-JFK-SFO,07:10 AM,07:39 AM,10:09 AM,10:52 AM,late
2322,world-flight-tracker,AA-3859-IAH-ORD,07:10 AM,07:16 AM,09:40 AM,09:32 AM,early
2323,world-flight-tracker,AA-518-MIA-JFK,06:40 AM,06:54 AM,09:25 AM,09:28 AM,on_time
2324,world-flight-tracker,UA-397-JFK-SFO,08:00 AM,08:29 AM,11:55 AM,11:58 AM,on_time
2328,world-flight-tracker,UA-2830-MCO-CLT,03:27 PM,03:28 PM,05:05 PM,05:17 PM,on_time
2330,world-flight-tracker,UA-2726-FLL-PHL,04:00 PM,03:58 PM,06:46 PM,06:28 PM,early
2331,world-flight-tracker,AA-3468-CVG-MIA,07:00 AM,07:25 AM,09:55 AM,09:45 AM,early
2332,world-flight-tracker,AA-484-DFW-MIA,04:15 PM,04:29 PM,07:55 PM,07:39 PM,early
2333,world-flight-tracker,AA-616-DFW-DTW,09:05 AM,10:10 AM,12:35 PM,01:27 PM,late
2334,world-flight-tracker,AA-446-DFW-PHL,11:50 AM,12:12 PM,03:50 PM,04:09 PM,late
2335,world-flight-tracker,AA-466-IAH-MIA,06:00 AM,06:08 AM,09:20 AM,09:05 AM,early
2336,world-flight-tracker,UA-3050-PHX-CLT,11:05 AM,11:30 AM,04:57 PM,05:05 PM,on_time
2337,world-flight-tracker,AA-2957-DFW-CVG,07:55 AM,08:04 AM,11:05 AM,11:01 AM,on_time
2338,world-flight-tracker,AA-1664-MIA-ATL,10:15 AM,10:18 AM,12:10 PM,11:56 AM,early
2339,world-flight-tracker,AA-3979-CVG-ORD,07:30 AM,08:04 AM,08:00 AM,08:06 AM,on_time
2341,world-flight-tracker,AA-404-MIA-MCO,06:45 AM,06:57 AM,07:45 AM,07:40 AM,early
2342,world-flight-tracker,AA-3756-ORD-SLC,12:15 PM,12:41 PM,02:45 PM,02:50 PM,on_time
2343,world-flight-tracker,UA-2945-PHL-CLT,12:00 PM,11:51 AM,01:45 PM,01:15 PM,early
2344,world-flight-tracker,AA-2525-DFW-MIA,07:25 AM,07:39 AM,11:10 AM,11:06 AM,on_time
2345,world-flight-tracker,AA-271-MIA-LAX,11:35 AM,11:52 AM,02:25 PM,02:27 PM,on_time
2346,world-flight-tracker,AA-2050-ORD-MIA,10:40 AM,11:05 AM,02:45 PM,02:46 PM,on_time
2347,world-flight-tracker,AA-1434-DFW-MCO,07:15 AM,07:21 AM,10:35 AM,10:36 AM,on_time
2348,world-flight-tracker,AA-4307-ORD-DTW,06:45 PM,06:55 PM,09:10 PM,08:53 PM,early
2349,world-flight-tracker,AA-3-JFK-LAX,12:00 PM,12:11 PM,03:15 PM,03:16 PM,on_time
2350,world-flight-tracker,CO-1193-EWR-MCO,09:15 AM,09:14 AM,12:18 PM,12:09 PM,early
2351,world-flight-tracker,AA-3842-MSP-ORD,06:00 AM,06:56 AM,07:30 AM,07:51 AM,late
2352,world-flight-tracker,AA-643-MIA-ORD,07:10 AM,07:30 AM,09:35 AM,09:31 AM,on_time
2353,world-flight-tracker,UA-2906-PHL-MCO,03:50 PM,04:28 PM,06:23 PM,06:38 PM,on_time
2354,world-flight-tracker,AA-1221-MCO-ORD,08:00 PM,08:23 PM,09:45 PM,09:53 PM,on_time
2355,world-flight-tracker,UA-664-ORD-PHL,01:33 PM,01:31 PM,04:31 PM,04:23 PM,early
2360,world-flight-tracker,AA-1165-JFK-MIA,06:59 AM,07:22 AM,10:34 AM,10:04 AM,early
2361,world-flight-tracker,AA-431-MIA-SFO,08:35 AM,08:51 AM,11:50 AM,11:44 AM,early
2362,world-flight-tracker,UA-257-JFK-SFO,02:30 PM,02:26 PM,06:15 PM,05:42 PM,early
2364,world-flight-tracker,AA-3804-PHL-ORD,02:35 PM,02:44 PM,04:05 PM,03:43 PM,early
2365,world-flight-tracker,AA-1917-JFK-MCO,02:55 PM,03:27 PM,05:55 PM,05:43 PM,early
2366,world-flight-tracker,AA-2268-PHX-ORD,07:15 AM,07:22 AM,11:35 AM,11:06 AM,early
2367,world-flight-tracker,AA-4277-CVG-JFK,12:10 PM,12:10 PM,02:15 PM,01:43 PM,early
2368,world-flight-tracker,AA-789-ORD-DEN,01:05 PM,01:19 PM,02:35 PM,03:13 PM,late
2369,world-flight-tracker,AA-85-JFK-SFO,03:05 PM,03:36 PM,06:30 PM,06:43 PM,on_time
2370,world-flight-tracker,AA-3786-IAH-ORD,04:00 PM,04:12 PM,06:40 PM,06:15 PM,early
2371,world-flight-tracker,AA-222-LAX-BOS,07:10 AM,07:31 AM,03:30 PM,03:14 PM,early
2372,world-flight-tracker,UA-3099-PHX-PHL,11:55 AM,11:43 AM,06:17 PM,05:38 PM,early
2373,world-flight-tracker,AA-4198-ORD-CLE,10:40 AM,10:54 AM,12:55 PM,12:50 PM,early
2374,world-flight-tracker,CO-45-EWR-MIA,04:00 PM,03:58 PM,07:05 PM,06:36 PM,early
2375,world-flight-tracker,AA-3809-PHX-LAX,06:00 AM,06:10 AM,06:40 AM,06:19 AM,early
2376,world-flight-tracker,AA-59-JFK-SFO,07:10 AM,07:39 AM,10:45 AM,11:12 AM,late
