row_idx,row_pos,column,action,source,value
1,0,act_arr_time,repair_value,cached_uniclean,09:22 AM
5,2,act_dep_time,repair_value,cached_uniclean,12:42 PM
9,5,act_dep_time,repair_value,cached_uniclean,12:13 PM
10,6,act_dep_time,repair_value,cached_uniclean,06:09 AM
13,9,act_dep_time,repair_value,cached_uniclean,10:19 AM
13,9,act_arr_time,repair_value,cached_uniclean,11:50 AM
14,10,act_arr_time,repair_value,cached_uniclean,07:59 AM
15,11,act_arr_time,repair_value,cached_uniclean,03:13 PM
16,12,act_dep_time,repair_value,cached_uniclean,10:11 AM
16,12,act_arr_time,repair_value,cached_uniclean,01:11 PM
17,13,act_dep_time,repair_value,cached_uniclean,12:14 PM
19,15,act_dep_time,repair_value,cached_uniclean,06:58 AM
21,17,act_dep_time,repair_value,cached_uniclean,11:06 AM
22,18,act_arr_time,repair_value,cached_uniclean,03:25 PM
23,19,act_dep_time,repair_value,cached_uniclean,07:22 AM
24,20,act_dep_time,repair_value,cached_uniclean,06:56 PM
25,21,act_dep_time,repair_value,cached_uniclean,12:12 PM
27,23,act_dep_time,repair_value,cached_uniclean,07:31 AM
27,23,act_arr_time,repair_value,cached_uniclean,09:26 AM
28,24,act_dep_time,repair_value,cached_uniclean,05:09 PM
28,24,act_arr_time,repair_value,cached_uniclean,07:53 PM
29,25,act_arr_time,repair_value,cached_uniclean,09:47 PM
30,26,act_dep_time,repair_value,cached_uniclean,11:02 AM
31,27,act_dep_time,repair_value,cached_uniclean,10:55 AM
35,28,act_dep_time,repair_value,cached_uniclean,07:23 AM
36,29,act_dep_time,repair_value,cached_uniclean,08:52 AM
39,30,act_arr_time,repair_value,cached_uniclean,03:36 PM
40,31,act_dep_time,repair_value,cached_uniclean,03:28 PM
41,32,act_dep_time,repair_value,cached_uniclean,07:23 AM
41,32,act_arr_time,repair_value,cached_uniclean,11:04 AM
42,33,act_dep_time,repair_value,cached_uniclean,12:11 PM
43,34,act_dep_time,repair_value,cached_uniclean,01:20 PM
45,36,act_dep_time,repair_value,cached_uniclean,03:38 PM
46,37,act_dep_time,repair_value,cached_uniclean,11:41 AM
48,39,act_dep_time,repair_value,cached_uniclean,07:32 AM
50,41,act_dep_time,repair_value,cached_uniclean,07:40 AM
153,43,act_arr_time,repair_value,cached_uniclean,09:28 AM
154,44,act_arr_time,repair_value,cached_uniclean,11:58 AM
157,45,act_arr_time,repair_value,cached_uniclean,03:16 PM
167,48,act_arr_time,repair_value,cached_uniclean,01:11 PM
169,49,act_arr_time,repair_value,cached_uniclean,09:45 AM
170,50,act_dep_time,repair_value,cached_uniclean,04:29 PM
170,50,act_arr_time,repair_value,cached_uniclean,07:39 PM
177,52,act_arr_time,repair_value,cached_uniclean,09:05 AM
178,53,act_arr_time,repair_value,cached_uniclean,05:05 PM
182,55,act_arr_time,repair_value,cached_uniclean,03:13 PM
186,56,act_arr_time,repair_value,cached_uniclean,05:42 PM
187,57,act_arr_time,repair_value,cached_uniclean,01:15 PM
190,58,act_arr_time,repair_value,cached_uniclean,02:46 PM
193,59,act_arr_time,repair_value,cached_uniclean,10:36 AM
195,60,act_arr_time,repair_value,cached_uniclean,08:53 PM
198,61,act_dep_time,repair_value,cached_uniclean,09:14 AM
198,61,act_arr_time,repair_value,cached_uniclean,12:09 PM
199,62,act_dep_time,repair_value,cached_uniclean,06:56 AM
200,63,act_arr_time,repair_value,cached_uniclean,09:26 AM
202,64,act_arr_time,repair_value,cached_uniclean,06:38 PM
204,65,act_arr_time,repair_value,cached_uniclean,09:47 PM
207,66,act_arr_time,repair_value,cached_uniclean,03:04 PM
208,67,act_arr_time,repair_value,cached_uniclean,04:23 PM
209,68,act_arr_time,repair_value,cached_uniclean,02:50 PM
215,69,act_arr_time,repair_value,cached_uniclean,10:04 AM
216,70,act_arr_time,repair_value,cached_uniclean,11:44 AM
230,72,act_arr_time,repair_value,cached_uniclean,05:43 PM
231,73,act_arr_time,repair_value,cached_uniclean,11:04 AM
232,74,act_arr_time,repair_value,cached_uniclean,01:43 PM
233,75,act_dep_time,repair_value,cached_uniclean,08:04 AM
233,75,act_arr_time,repair_value,cached_uniclean,11:01 AM
235,76,act_arr_time,repair_value,cached_uniclean,03:13 PM
237,77,act_arr_time,repair_value,cached_uniclean,06:43 PM
238,78,act_arr_time,repair_value,cached_uniclean,07:59 AM
240,79,act_arr_time,repair_value,cached_uniclean,06:15 PM
241,80,act_arr_time,repair_value,cached_uniclean,02:27 PM
242,81,act_dep_time,repair_value,cached_uniclean,07:39 AM
242,81,act_arr_time,repair_value,cached_uniclean,11:06 AM
244,82,act_arr_time,repair_value,cached_uniclean,05:38 PM
245,83,act_arr_time,repair_value,cached_uniclean,12:50 PM
246,84,act_arr_time,repair_value,cached_uniclean,07:40 AM
247,85,act_dep_time,repair_value,cached_uniclean,03:58 PM
247,85,act_arr_time,repair_value,cached_uniclean,06:36 PM
248,86,act_dep_time,repair_value,cached_uniclean,06:10 AM
248,86,act_arr_time,repair_value,cached_uniclean,06:19 AM
249,87,act_arr_time,repair_value,cached_uniclean,11:12 AM
250,88,act_arr_time,repair_value,cached_uniclean,03:14 PM
252,89,act_arr_time,repair_value,cached_uniclean,09:28 AM
253,90,act_arr_time,repair_value,cached_uniclean,11:58 AM
256,91,act_dep_time,repair_value,cached_uniclean,06:47 PM
256,91,act_arr_time,repair_value,cached_uniclean,07:25 PM
261,92,act_dep_time,repair_value,cached_uniclean,11:29 PM
261,92,act_arr_time,repair_value,cached_uniclean,06:35 AM
271,93,act_arr_time,repair_value,cached_uniclean,09:05 AM
283,97,act_dep_time,repair_value,cached_uniclean,07:39 AM
283,97,act_arr_time,repair_value,cached_uniclean,11:06 AM
284,98,act_arr_time,repair_value,cached_uniclean,02:27 PM
285,99,act_arr_time,repair_value,cached_uniclean,02:46 PM
286,100,act_arr_time,repair_value,cached_uniclean,10:36 AM
289,101,act_arr_time,repair_value,cached_uniclean,03:16 PM
294,102,act_arr_time,repair_value,cached_uniclean,09:26 AM
300,103,act_arr_time,repair_value,cached_uniclean,03:04 PM
302,104,act_arr_time,repair_value,cached_uniclean,05:52 AM
303,105,act_dep_time,repair_value,cached_uniclean,04:28 PM
303,105,act_arr_time,repair_value,cached_uniclean,12:01 AM
305,106,act_dep_time,repair_value,cached_uniclean,08:29 PM
305,106,act_arr_time,repair_value,cached_uniclean,11:35 PM
306,107,act_arr_time,repair_value,cached_uniclean,10:04 AM
307,108,act_arr_time,repair_value,cached_uniclean,11:44 AM
325,110,act_arr_time,repair_value,cached_uniclean,03:13 PM
326,111,act_arr_time,repair_value,cached_uniclean,01:30 PM
336,113,act_arr_time,repair_value,cached_uniclean,11:12 AM
454,120,act_arr_time,repair_value,cached_uniclean,01:11 PM
457,122,act_dep_time,repair_value,cached_uniclean,04:29 PM
465,125,act_arr_time,repair_value,cached_uniclean,05:05 PM
469,127,act_arr_time,repair_value,cached_uniclean,03:13 PM
474,129,act_arr_time,repair_value,cached_uniclean,01:15 PM
480,131,act_arr_time,repair_value,cached_uniclean,10:36 AM
482,132,act_arr_time,repair_value,cached_uniclean,08:53 PM
485,133,act_dep_time,repair_value,cached_uniclean,09:14 AM
486,134,act_dep_time,repair_value,cached_uniclean,06:56 AM
487,135,act_arr_time,repair_value,cached_uniclean,09:26 AM
489,136,act_arr_time,repair_value,cached_uniclean,06:38 PM
491,137,act_arr_time,repair_value,cached_uniclean,09:47 PM
496,140,act_arr_time,repair_value,cached_uniclean,02:50 PM
517,144,act_arr_time,repair_value,cached_uniclean,05:43 PM
518,145,act_arr_time,repair_value,cached_uniclean,11:04 AM
520,147,act_dep_time,repair_value,cached_uniclean,08:04 AM
520,147,act_arr_time,repair_value,cached_uniclean,11:01 AM
522,148,act_arr_time,repair_value,cached_uniclean,03:13 PM
525,150,act_arr_time,repair_value,cached_uniclean,07:59 AM
527,151,act_arr_time,repair_value,cached_uniclean,06:15 PM
529,153,act_dep_time,repair_value,cached_uniclean,07:39 AM
531,154,act_arr_time,repair_value,cached_uniclean,05:38 PM
532,155,act_arr_time,repair_value,cached_uniclean,12:50 PM
533,156,act_arr_time,repair_value,cached_uniclean,07:40 AM
534,157,act_dep_time,repair_value,cached_uniclean,03:58 PM
535,158,act_dep_time,repair_value,cached_uniclean,06:10 AM
538,161,act_arr_time,repair_value,cached_uniclean,09:22 AM
539,162,act_dep_time,repair_value,cached_uniclean,07:42 PM
541,164,act_dep_time,repair_value,cached_uniclean,08:49 AM
542,165,act_dep_time,repair_value,cached_uniclean,09:01 AM
544,166,act_dep_time,repair_value,cached_uniclean,12:14 PM
546,167,act_dep_time,repair_value,cached_uniclean,03:50 PM
549,169,act_dep_time,repair_value,cached_uniclean,06:10 AM
551,171,act_dep_time,repair_value,cached_uniclean,04:10 PM
551,171,act_arr_time,repair_value,cached_uniclean,06:25 PM
552,172,act_dep_time,repair_value,cached_uniclean,07:56 AM
552,172,act_arr_time,repair_value,cached_uniclean,09:09 AM
555,175,act_dep_time,repair_value,cached_uniclean,08:26 AM
557,177,act_dep_time,repair_value,cached_uniclean,10:11 AM
557,177,act_arr_time,repair_value,cached_uniclean,01:11 PM
559,179,act_dep_time,repair_value,cached_uniclean,05:38 PM
560,180,act_dep_time,repair_value,cached_uniclean,12:13 PM
561,181,act_dep_time,repair_value,cached_uniclean,12:06 PM
562,182,act_dep_time,repair_value,cached_uniclean,06:09 AM
563,183,act_dep_time,repair_value,cached_uniclean,11:45 AM
567,187,act_dep_time,repair_value,cached_uniclean,10:19 AM
567,187,act_arr_time,repair_value,cached_uniclean,11:50 AM
568,188,act_arr_time,repair_value,cached_uniclean,07:59 AM
570,189,act_dep_time,repair_value,cached_uniclean,06:58 AM
571,190,act_dep_time,repair_value,cached_uniclean,12:42 PM
572,191,act_dep_time,repair_value,cached_uniclean,12:56 PM
573,192,act_dep_time,repair_value,cached_uniclean,12:08 PM
576,194,act_dep_time,repair_value,cached_uniclean,11:06 AM
577,195,act_dep_time,repair_value,cached_uniclean,01:43 PM
578,196,act_arr_time,repair_value,cached_uniclean,03:25 PM
579,197,act_dep_time,repair_value,cached_uniclean,07:22 AM
580,198,act_dep_time,repair_value,cached_uniclean,08:18 AM
581,199,act_dep_time,repair_value,cached_uniclean,06:56 PM
582,200,act_dep_time,repair_value,cached_uniclean,12:12 PM
584,201,act_dep_time,repair_value,cached_uniclean,02:38 PM
587,204,act_dep_time,repair_value,cached_uniclean,07:31 AM
587,204,act_arr_time,repair_value,cached_uniclean,09:26 AM
588,205,act_dep_time,repair_value,cached_uniclean,05:09 PM
588,205,act_arr_time,repair_value,cached_uniclean,07:53 PM
590,207,act_dep_time,repair_value,cached_uniclean,04:46 PM
591,208,act_dep_time,repair_value,cached_uniclean,04:37 PM
592,209,act_arr_time,repair_value,cached_uniclean,09:47 PM
594,211,act_dep_time,repair_value,cached_uniclean,07:31 AM
594,211,act_arr_time,repair_value,cached_uniclean,10:45 AM
595,212,act_dep_time,repair_value,cached_uniclean,11:02 AM
596,213,act_dep_time,repair_value,cached_uniclean,01:48 PM
597,214,act_dep_time,repair_value,cached_uniclean,02:01 PM
602,215,act_dep_time,repair_value,cached_uniclean,03:04 PM
603,216,act_dep_time,repair_value,cached_uniclean,07:23 AM
604,217,act_dep_time,repair_value,cached_uniclean,08:52 AM
605,218,act_dep_time,repair_value,cached_uniclean,02:43 PM
606,219,act_dep_time,repair_value,cached_uniclean,08:37 AM
610,221,act_dep_time,repair_value,cached_uniclean,11:47 AM
610,221,act_arr_time,repair_value,cached_uniclean,02:02 PM
612,222,act_dep_time,repair_value,cached_uniclean,03:04 PM
612,222,act_arr_time,repair_value,cached_uniclean,04:24 PM
614,224,act_arr_time,replace_nearby,cached_uniclean,03:36 PM
615,225,act_dep_time,repair_value,cached_uniclean,03:28 PM
616,226,act_dep_time,repair_value,cached_uniclean,07:23 AM
616,226,act_arr_time,repair_value,cached_uniclean,11:04 AM
617,227,act_dep_time,repair_value,cached_uniclean,12:11 PM
618,228,act_dep_time,repair_value,cached_uniclean,01:20 PM
619,229,act_dep_time,repair_value,cached_uniclean,08:07 AM
621,231,act_dep_time,repair_value,cached_uniclean,03:38 PM
623,233,act_dep_time,repair_value,cached_uniclean,07:32 AM
625,235,act_dep_time,repair_value,cached_uniclean,11:55 AM
626,236,act_dep_time,repair_value,cached_uniclean,10:55 AM
629,239,act_dep_time,repair_value,cached_uniclean,07:40 AM
646,246,act_arr_time,replace_nearby,cached_uniclean,01:11 PM
649,248,act_dep_time,repair_value,cached_uniclean,04:29 PM
657,251,act_arr_time,replace_nearby,cached_uniclean,05:05 PM
661,253,act_arr_time,replace_nearby,cached_uniclean,03:13 PM
666,255,act_arr_time,replace_nearby,cached_uniclean,01:15 PM
672,257,act_arr_time,replace_nearby,cached_uniclean,10:36 AM
674,258,act_arr_time,replace_nearby,cached_uniclean,08:53 PM
677,259,act_dep_time,repair_value,cached_uniclean,09:14 AM
678,260,act_dep_time,repair_value,cached_uniclean,06:56 AM
679,261,act_arr_time,replace_nearby,cached_uniclean,09:26 AM
681,262,act_arr_time,replace_nearby,cached_uniclean,06:38 PM
683,263,act_arr_time,replace_nearby,cached_uniclean,09:47 PM
688,266,act_arr_time,replace_nearby,cached_uniclean,02:50 PM
709,270,act_arr_time,replace_nearby,cached_uniclean,05:43 PM
710,271,act_arr_time,replace_nearby,cached_uniclean,11:04 AM
712,273,act_dep_time,repair_value,cached_uniclean,08:04 AM
712,273,act_arr_time,repair_value,cached_uniclean,11:01 AM
714,274,act_arr_time,replace_nearby,cached_uniclean,03:13 PM
717,276,act_arr_time,replace_nearby,cached_uniclean,07:59 AM
719,277,act_arr_time,replace_nearby,cached_uniclean,06:15 PM
721,279,act_dep_time,replace_nearby,cached_uniclean,07:39 AM
723,280,act_arr_time,replace_nearby,cached_uniclean,05:38 PM
724,281,act_arr_time,replace_nearby,cached_uniclean,12:50 PM
725,282,act_arr_time,replace_nearby,cached_uniclean,07:40 AM
726,283,act_dep_time,replace_nearby,cached_uniclean,03:58 PM
727,284,act_dep_time,replace_nearby,cached_uniclean,06:10 AM
812,287,act_arr_time,replace_nearby,cached_uniclean,09:22 AM
815,289,act_dep_time,replace_nearby,cached_uniclean,08:49 AM
818,290,act_dep_time,replace_nearby,cached_uniclean,12:12 PM
819,291,act_dep_time,replace_nearby,cached_uniclean,03:50 PM
825,292,act_dep_time,replace_nearby,cached_uniclean,04:10 PM
825,292,act_arr_time,replace_nearby,cached_uniclean,06:25 PM
828,293,act_dep_time,replace_nearby,cached_uniclean,10:11 AM
828,293,act_arr_time,replace_nearby,cached_uniclean,01:11 PM
836,296,act_dep_time,replace_nearby,cached_uniclean,12:13 PM
838,297,act_dep_time,replace_nearby,cached_uniclean,06:09 AM
839,298,act_dep_time,replace_nearby,cached_uniclean,11:45 AM
842,299,act_dep_time,replace_nearby,cached_uniclean,10:19 AM
842,299,act_arr_time,replace_nearby,cached_uniclean,11:50 AM
847,300,act_dep_time,replace_nearby,cached_uniclean,02:43 PM
848,301,act_dep_time,replace_nearby,cached_uniclean,12:08 PM
851,302,act_dep_time,replace_nearby,cached_uniclean,11:06 AM
854,303,act_dep_time,replace_nearby,cached_uniclean,07:22 AM
856,304,act_dep_time,replace_nearby,cached_uniclean,06:56 PM
861,307,act_dep_time,replace_nearby,cached_uniclean,07:31 AM
861,307,act_arr_time,replace_nearby,cached_uniclean,09:26 AM
863,308,act_dep_time,replace_nearby,cached_uniclean,04:46 PM
865,309,act_arr_time,replace_nearby,cached_uniclean,09:47 PM
869,310,act_dep_time,replace_nearby,cached_uniclean,01:48 PM
870,311,act_dep_time,replace_nearby,cached_uniclean,12:42 PM
876,312,act_dep_time,replace_nearby,cached_uniclean,07:23 AM
877,313,act_dep_time,replace_nearby,cached_uniclean,08:52 AM
890,314,act_arr_time,replace_nearby,cached_uniclean,03:36 PM
891,315,act_dep_time,replace_nearby,cached_uniclean,03:28 PM
892,316,act_dep_time,replace_nearby,cached_uniclean,07:23 AM
892,316,act_arr_time,replace_nearby,cached_uniclean,11:04 AM
893,317,act_dep_time,replace_nearby,cached_uniclean,12:11 PM
896,319,act_dep_time,replace_nearby,cached_uniclean,01:20 PM
898,320,act_dep_time,replace_nearby,cached_uniclean,03:38 PM
899,321,act_arr_time,replace_nearby,cached_uniclean,07:59 AM
905,325,act_dep_time,replace_nearby,cached_uniclean,11:55 AM
906,326,act_dep_time,replace_nearby,cached_uniclean,10:55 AM
907,327,act_dep_time,replace_nearby,cached_uniclean,06:58 AM
910,330,act_dep_time,replace_nearby,cached_uniclean,07:40 AM
911,331,act_dep_time,replace_nearby,cached_uniclean,07:32 AM
913,333,act_dep_time,repair_value,cached_uniclean,06:47 PM
913,333,act_arr_time,repair_value,cached_uniclean,07:25 PM
922,334,act_arr_time,replace_nearby,cached_uniclean,09:05 AM
924,336,act_arr_time,replace_nearby,cached_uniclean,03:13 PM
925,337,act_dep_time,replace_nearby,cached_uniclean,06:58 AM
929,339,act_arr_time,replace_nearby,cached_uniclean,02:27 PM
930,340,act_arr_time,replace_nearby,cached_uniclean,02:46 PM
931,341,act_dep_time,replace_nearby,cached_uniclean,06:56 PM
932,342,act_arr_time,replace_nearby,cached_uniclean,03:16 PM
935,343,act_arr_time,replace_nearby,cached_uniclean,06:38 PM
940,344,act_arr_time,replace_nearby,cached_uniclean,03:04 PM
941,345,act_arr_time,replace_nearby,cached_uniclean,04:23 PM
942,346,act_dep_time,replace_nearby,cached_uniclean,02:01 PM
945,347,act_arr_time,replace_nearby,cached_uniclean,11:44 AM
946,348,act_arr_time,replace_nearby,cached_uniclean,05:42 PM
958,350,act_arr_time,replace_nearby,cached_uniclean,01:43 PM
962,351,act_arr_time,replace_nearby,cached_uniclean,06:43 PM
966,352,act_arr_time,replace_nearby,cached_uniclean,12:50 PM
968,354,act_arr_time,replace_nearby,cached_uniclean,11:12 AM
969,355,act_arr_time,replace_nearby,cached_uniclean,03:14 PM
970,356,sched_arr_time,replace_nearby,cached_uniclean,09:40 AM
971,357,sched_arr_time,replace_nearby,cached_uniclean,07:30 AM
971,357,act_arr_time,replace_nearby,cached_uniclean,07:51 AM
972,358,sched_arr_time,replace_nearby,cached_uniclean,09:35 AM
973,359,sched_arr_time,replace_nearby,cached_uniclean,07:25 PM
974,360,sched_arr_time,replace_nearby,cached_uniclean,11:10 AM
974,360,act_arr_time,replace_nearby,cached_uniclean,11:06 AM
975,361,sched_arr_time,replace_nearby,cached_uniclean,04:57 PM
975,361,act_arr_time,replace_nearby,cached_uniclean,05:05 PM
976,362,act_dep_time,repair_value,cached_uniclean,09:01 AM
976,362,sched_arr_time,repair_value,cached_uniclean,09:54 AM
976,362,act_arr_time,repair_value,cached_uniclean,09:43 AM
977,363,sched_arr_time,replace_nearby,cached_uniclean,04:31 PM
977,363,act_arr_time,replace_nearby,cached_uniclean,04:23 PM
978,364,act_dep_time,replace_nearby,cached_uniclean,01:20 PM
978,364,sched_arr_time,replace_nearby,cached_uniclean,02:35 PM
978,364,act_arr_time,replace_nearby,cached_uniclean,03:13 PM
979,365,sched_arr_time,replace_nearby,cached_uniclean,11:50 PM
980,366,sched_arr_time,replace_nearby,cached_uniclean,12:21 AM
981,367,sched_arr_time,replace_nearby,cached_uniclean,08:22 PM
981,367,act_arr_time,replace_nearby,cached_uniclean,08:03 PM
982,368,sched_arr_time,replace_nearby,cached_uniclean,06:40 PM
982,368,act_arr_time,replace_nearby,cached_uniclean,06:15 PM
983,369,sched_dep_time,replace_nearby,cached_uniclean,07:10 PM
983,369,act_dep_time,replace_nearby,cached_uniclean,08:25 PM
983,369,sched_arr_time,replace_nearby,cached_uniclean,08:56 PM
983,369,act_arr_time,replace_nearby,cached_uniclean,09:38 PM
984,370,act_dep_time,replace_nearby,cached_uniclean,07:22 AM
984,370,sched_arr_time,replace_nearby,cached_uniclean,10:35 AM
984,370,act_arr_time,replace_nearby,cached_uniclean,10:36 AM
985,371,sched_arr_time,replace_nearby,cached_uniclean,04:00 PM
985,371,act_arr_time,replace_nearby,cached_uniclean,03:25 PM
986,372,sched_arr_time,replace_nearby,cached_uniclean,06:40 AM
986,372,act_arr_time,replace_nearby,cached_uniclean,06:19 AM
987,373,act_dep_time,replace_nearby,cached_uniclean,07:40 AM
987,373,sched_arr_time,replace_nearby,cached_uniclean,10:45 AM
987,373,act_arr_time,replace_nearby,cached_uniclean,11:12 AM
988,374,sched_arr_time,replace_nearby,cached_uniclean,09:10 PM
988,374,act_arr_time,replace_nearby,cached_uniclean,08:53 PM
989,375,act_dep_time,replace_nearby,cached_uniclean,03:38 PM
989,375,sched_arr_time,replace_nearby,cached_uniclean,06:30 PM
989,375,act_arr_time,replace_nearby,cached_uniclean,06:43 PM
990,376,act_dep_time,replace_nearby,cached_uniclean,07:16 AM
990,376,act_arr_time,replace_nearby,cached_uniclean,09:22 AM
991,377,act_dep_time,replace_nearby,cached_uniclean,06:54 AM
996,378,sched_dep_time,replace_nearby,cached_uniclean,12:00 PM
996,378,act_dep_time,replace_nearby,cached_uniclean,12:12 PM
998,379,act_dep_time,replace_nearby,cached_uniclean,11:41 AM
1001,380,act_dep_time,replace_nearby,cached_uniclean,12:42 PM
1003,381,act_dep_time,replace_nearby,cached_uniclean,07:25 AM
1005,382,act_dep_time,replace_nearby,cached_uniclean,04:29 PM
1007,384,act_dep_time,replace_nearby,cached_uniclean,12:13 PM
1008,385,act_dep_time,replace_nearby,cached_uniclean,06:09 AM
1012,388,act_dep_time,replace_nearby,cached_uniclean,10:55 AM
1013,389,act_dep_time,repair_value,cached_uniclean,08:04 AM
1014,390,act_dep_time,replace_nearby,cached_uniclean,10:19 AM
1014,390,act_arr_time,replace_nearby,cached_uniclean,11:50 AM
1015,391,act_dep_time,repair_value,cached_uniclean,08:04 AM
1015,391,act_arr_time,repair_value,cached_uniclean,07:59 AM
1016,392,act_dep_time,replace_nearby,cached_uniclean,02:04 PM
1016,392,act_arr_time,replace_nearby,cached_uniclean,03:13 PM
1017,393,act_dep_time,replace_nearby,cached_uniclean,10:11 AM
1017,393,act_arr_time,replace_nearby,cached_uniclean,01:11 PM
1018,394,act_dep_time,replace_nearby,cached_uniclean,12:14 PM
1020,395,act_dep_time,repair_value,cached_uniclean,07:39 AM
1021,396,act_dep_time,replace_nearby,cached_uniclean,11:52 AM
1022,397,act_dep_time,replace_nearby,cached_uniclean,11:06 AM
1023,398,act_dep_time,replace_nearby,cached_uniclean,07:22 AM
1024,399,act_dep_time,replace_nearby,cached_uniclean,08:18 AM
1025,400,act_dep_time,replace_nearby,cached_uniclean,06:56 PM
1029,402,act_dep_time,repair_value,cached_uniclean,06:56 AM
1030,403,act_dep_time,replace_nearby,cached_uniclean,07:31 AM
1030,403,act_arr_time,replace_nearby,cached_uniclean,09:26 AM
1032,404,act_dep_time,replace_nearby,cached_uniclean,08:23 PM
1032,404,act_arr_time,replace_nearby,cached_uniclean,09:47 PM
1034,405,act_dep_time,replace_nearby,cached_uniclean,11:02 AM
1040,406,act_dep_time,replace_nearby,cached_uniclean,07:23 AM
1041,407,act_dep_time,repair_value,cached_uniclean,08:52 AM
1052,409,act_dep_time,replace_nearby,cached_uniclean,02:44 PM
1052,409,act_arr_time,replace_nearby,cached_uniclean,03:36 PM
1053,410,act_dep_time,replace_nearby,cached_uniclean,03:28 PM
1054,411,act_dep_time,replace_nearby,cached_uniclean,07:23 AM
1054,411,act_arr_time,replace_nearby,cached_uniclean,11:04 AM
1056,412,act_dep_time,replace_nearby,cached_uniclean,12:11 PM
1058,413,act_dep_time,replace_nearby,cached_uniclean,01:20 PM
1060,414,act_dep_time,repair_value,cached_uniclean,08:56 AM
1061,415,act_dep_time,replace_nearby,cached_uniclean,03:38 PM
1062,416,act_dep_time,replace_nearby,cached_uniclean,04:12 PM
1065,418,act_dep_time,replace_nearby,cached_uniclean,10:55 AM
1066,419,act_dep_time,replace_nearby,cached_uniclean,07:32 AM
1067,420,act_dep_time,replace_nearby,cached_uniclean,06:58 AM
1069,422,act_dep_time,replace_nearby,cached_uniclean,06:10 AM
1070,423,act_dep_time,repair_value,cached_uniclean,07:40 AM
1087,430,act_arr_time,replace_nearby,cached_uniclean,01:11 PM
1090,432,act_dep_time,replace_nearby,cached_uniclean,04:29 PM
1098,435,act_arr_time,replace_nearby,cached_uniclean,05:05 PM
1102,437,act_arr_time,replace_nearby,cached_uniclean,03:13 PM
1107,439,act_arr_time,replace_nearby,cached_uniclean,01:15 PM
1113,441,act_arr_time,replace_nearby,cached_uniclean,10:36 AM
1115,442,act_arr_time,replace_nearby,cached_uniclean,08:53 PM
1118,443,act_dep_time,replace_nearby,cached_uniclean,09:14 AM
1119,444,act_dep_time,replace_nearby,cached_uniclean,06:56 AM
1120,445,act_arr_time,replace_nearby,cached_uniclean,09:26 AM
1122,446,act_arr_time,replace_nearby,cached_uniclean,06:38 PM
1124,447,act_arr_time,replace_nearby,cached_uniclean,09:47 PM
1129,450,act_arr_time,replace_nearby,cached_uniclean,02:50 PM
1150,454,act_arr_time,replace_nearby,cached_uniclean,05:43 PM
1151,455,act_arr_time,replace_nearby,cached_uniclean,11:04 AM
1153,457,act_dep_time,replace_nearby,cached_uniclean,08:04 AM
1153,457,act_arr_time,replace_nearby,cached_uniclean,11:01 AM
1155,458,act_arr_time,replace_nearby,cached_uniclean,03:13 PM
1158,460,act_arr_time,replace_nearby,cached_uniclean,07:59 AM
1160,461,act_arr_time,replace_nearby,cached_uniclean,06:15 PM
1162,463,act_dep_time,replace_nearby,cached_uniclean,07:39 AM
1164,464,act_arr_time,replace_nearby,cached_uniclean,05:38 PM
1165,465,act_arr_time,replace_nearby,cached_uniclean,12:50 PM
1166,466,act_arr_time,replace_nearby,cached_uniclean,07:40 AM
1167,467,act_dep_time,replace_nearby,cached_uniclean,03:58 PM
1168,468,act_dep_time,replace_nearby,cached_uniclean,06:10 AM
1172,471,act_arr_time,replace_nearby,cached_uniclean,09:28 AM
1181,473,act_arr_time,replace_nearby,cached_uniclean,09:05 AM
1185,475,act_dep_time,replace_nearby,cached_uniclean,06:58 AM
1186,476,act_arr_time,replace_nearby,cached_uniclean,02:50 PM
1188,477,act_arr_time,replace_nearby,cached_uniclean,01:15 PM
1189,478,act_arr_time,replace_nearby,cached_uniclean,02:46 PM
1191,479,act_arr_time,replace_nearby,cached_uniclean,03:25 PM
1196,481,act_arr_time,replace_nearby,cached_uniclean,09:47 PM
1198,482,act_dep_time,replace_nearby,cached_uniclean,11:02 AM
1201,483,act_arr_time,replace_nearby,cached_uniclean,05:42 PM
1202,484,act_dep_time,replace_nearby,cached_uniclean,08:37 AM
1210,485,act_arr_time,replace_nearby,cached_uniclean,03:36 PM
1211,486,act_arr_time,replace_nearby,cached_uniclean,11:04 AM
1216,487,act_dep_time,replace_nearby,cached_uniclean,01:20 PM
1217,488,act_dep_time,replace_nearby,cached_uniclean,08:07 AM
1218,489,act_arr_time,replace_nearby,cached_uniclean,06:43 PM
1219,490,act_dep_time,replace_nearby,cached_uniclean,06:47 PM
1219,490,act_arr_time,replace_nearby,cached_uniclean,07:25 PM
1223,491,act_arr_time,replace_nearby,cached_uniclean,11:12 AM
1325,492,act_dep_time,replace_nearby,cached_uniclean,07:42 PM
1325,492,act_arr_time,replace_nearby,cached_uniclean,10:29 PM
1330,493,act_dep_time,replace_nearby,cached_uniclean,12:12 PM
1331,494,act_dep_time,replace_nearby,cached_uniclean,03:50 PM
1332,495,sched_dep_time,replace_nearby,cached_uniclean,11:25 AM
1332,495,act_dep_time,replace_nearby,cached_uniclean,11:32 AM
1337,496,act_dep_time,replace_nearby,cached_uniclean,04:10 PM
1337,496,act_arr_time,replace_nearby,cached_uniclean,06:25 PM
1339,497,sched_dep_time,replace_nearby,cached_uniclean,09:45 AM
1339,497,act_dep_time,replace_nearby,cached_uniclean,10:19 AM
1340,498,sched_dep_time,replace_nearby,cached_uniclean,09:05 AM
1340,498,act_dep_time,replace_nearby,cached_uniclean,10:11 AM
1340,498,act_arr_time,replace_nearby,cached_uniclean,01:11 PM
1343,499,act_dep_time,replace_nearby,cached_uniclean,04:29 PM
1344,500,sched_dep_time,replace_nearby,cached_uniclean,10:45 AM
1344,500,act_dep_time,replace_nearby,cached_uniclean,10:55 AM
1347,502,act_dep_time,replace_nearby,cached_uniclean,03:04 PM
1348,503,sched_dep_time,replace_nearby,cached_uniclean,11:50 AM
1348,503,act_dep_time,replace_nearby,cached_uniclean,12:13 PM
1349,504,sched_dep_time,replace_nearby,cached_uniclean,11:40 AM
1349,504,act_dep_time,replace_nearby,cached_uniclean,12:06 PM
1351,505,sched_dep_time,replace_nearby,cached_uniclean,11:05 AM
1351,505,act_dep_time,replace_nearby,cached_uniclean,11:45 AM
1355,506,act_dep_time,replace_nearby,cached_uniclean,02:04 PM
1355,506,act_arr_time,replace_nearby,cached_uniclean,03:13 PM
1356,507,sched_dep_time,replace_nearby,cached_uniclean,07:53 AM
1356,507,act_dep_time,replace_nearby,cached_uniclean,08:07 AM
1358,508,sched_dep_time,replace_nearby,cached_uniclean,11:45 AM
1358,508,act_dep_time,replace_nearby,cached_uniclean,12:14 PM
1359,509,sched_dep_time,replace_nearby,cached_uniclean,02:30 PM
1359,509,act_dep_time,replace_nearby,cached_uniclean,02:43 PM
1360,510,act_dep_time,replace_nearby,cached_uniclean,12:08 PM
1361,511,act_dep_time,replace_nearby,cached_uniclean,05:38 PM
1363,512,sched_dep_time,replace_nearby,cached_uniclean,10:40 AM
1363,512,act_dep_time,replace_nearby,cached_uniclean,11:06 AM
1364,513,act_dep_time,replace_nearby,cached_uniclean,01:43 PM
1365,514,act_dep_time,replace_nearby,cached_uniclean,03:36 PM
1365,514,act_arr_time,replace_nearby,cached_uniclean,03:25 PM
1368,515,act_dep_time,replace_nearby,cached_uniclean,06:56 PM
1370,516,sched_dep_time,replace_nearby,cached_uniclean,01:55 PM
1370,516,act_dep_time,replace_nearby,cached_uniclean,02:38 PM
1371,517,sched_dep_time,replace_nearby,cached_uniclean,09:15 AM
1371,517,act_dep_time,replace_nearby,cached_uniclean,09:14 AM
1374,518,act_dep_time,replace_nearby,cached_uniclean,05:09 PM
1374,518,act_arr_time,replace_nearby,cached_uniclean,07:53 PM
1375,519,act_dep_time,replace_nearby,cached_uniclean,04:46 PM
1376,520,act_dep_time,replace_nearby,cached_uniclean,04:37 PM
1377,521,act_dep_time,replace_nearby,cached_uniclean,08:23 PM
1377,521,act_arr_time,replace_nearby,cached_uniclean,09:47 PM
1378,522,sched_dep_time,replace_nearby,cached_uniclean,10:25 AM
1378,522,act_dep_time,replace_nearby,cached_uniclean,10:20 AM
1380,523,sched_dep_time,replace_nearby,cached_uniclean,10:40 AM
1380,523,act_dep_time,replace_nearby,cached_uniclean,11:02 AM
1381,524,act_dep_time,replace_nearby,cached_uniclean,01:48 PM
1382,525,act_dep_time,replace_nearby,cached_uniclean,12:42 PM
1383,526,act_dep_time,replace_nearby,cached_uniclean,02:01 PM
1396,528,sched_dep_time,replace_nearby,cached_uniclean,11:15 AM
1396,528,act_dep_time,replace_nearby,cached_uniclean,11:47 AM
1396,528,act_arr_time,replace_nearby,cached_uniclean,02:02 PM
1398,529,act_dep_time,replace_nearby,cached_uniclean,03:04 PM
1398,529,act_arr_time,replace_nearby,cached_uniclean,04:24 PM
1401,531,act_dep_time,replace_nearby,cached_uniclean,02:44 PM
1401,531,act_arr_time,replace_nearby,cached_uniclean,03:36 PM
1402,532,act_dep_time,replace_nearby,cached_uniclean,03:28 PM
1404,533,act_dep_time,replace_nearby,cached_uniclean,12:11 PM
1407,534,act_dep_time,replace_nearby,cached_uniclean,01:20 PM
1409,535,act_dep_time,replace_nearby,cached_uniclean,03:38 PM
1411,536,sched_dep_time,replace_nearby,cached_uniclean,11:25 AM
1411,536,act_dep_time,replace_nearby,cached_uniclean,11:41 AM
1412,537,act_dep_time,replace_nearby,cached_uniclean,04:12 PM
1413,538,sched_dep_time,replace_nearby,cached_uniclean,11:35 AM
1413,538,act_dep_time,replace_nearby,cached_uniclean,11:52 AM
1416,540,sched_dep_time,replace_nearby,cached_uniclean,11:55 AM
1416,540,act_dep_time,replace_nearby,cached_uniclean,11:55 AM
1417,541,sched_dep_time,replace_nearby,cached_uniclean,10:40 AM
1417,541,act_dep_time,replace_nearby,cached_uniclean,10:55 AM
1422,543,sched_dep_time,replace_nearby,cached_uniclean,07:10 AM
1422,543,act_dep_time,replace_nearby,cached_uniclean,07:32 AM
1427,544,act_dep_time,replace_nearby,cached_uniclean,07:42 PM
1428,545,act_dep_time,replace_nearby,cached_uniclean,07:56 AM
1428,545,act_arr_time,replace_nearby,cached_uniclean,09:09 AM
1429,546,act_dep_time,replace_nearby,cached_uniclean,12:06 PM
1431,548,act_dep_time,replace_nearby,cached_uniclean,07:25 PM
1431,548,act_arr_time,replace_nearby,cached_uniclean,12:02 AM
1441,558,act_arr_time,replace_nearby,cached_uniclean,09:38 PM
1442,559,act_dep_time,replace_nearby,cached_uniclean,05:38 PM
1442,559,act_arr_time,replace_nearby,cached_uniclean,06:19 PM
1444,561,act_dep_time,replace_nearby,cached_uniclean,05:38 PM
1445,562,act_dep_time,replace_nearby,cached_uniclean,08:18 AM
1447,564,act_arr_time,replace_nearby,cached_uniclean,03:36 PM
1449,566,act_dep_time,replace_nearby,cached_uniclean,03:28 PM
1450,567,act_dep_time,replace_nearby,cached_uniclean,04:46 PM
1452,569,act_dep_time,replace_nearby,cached_uniclean,04:37 PM
1453,570,act_dep_time,replace_nearby,cached_uniclean,09:01 AM
1454,571,act_dep_time,replace_nearby,cached_uniclean,01:20 PM
1455,572,act_dep_time,replace_nearby,cached_uniclean,07:22 AM
1456,573,act_dep_time,replace_nearby,cached_uniclean,01:48 PM
1457,574,act_dep_time,replace_nearby,cached_uniclean,12:42 PM
1461,577,act_arr_time,replace_nearby,cached_uniclean,07:59 AM
1464,579,act_dep_time,replace_nearby,cached_uniclean,08:52 AM
1466,580,act_dep_time,replace_nearby,cached_uniclean,08:37 AM
1467,581,act_dep_time,replace_nearby,cached_uniclean,11:55 AM
1468,582,act_dep_time,replace_nearby,cached_uniclean,03:04 PM
1472,586,act_dep_time,replace_nearby,cached_uniclean,11:06 AM
1476,589,act_dep_time,replace_nearby,cached_uniclean,07:40 AM
1478,591,act_dep_time,replace_nearby,cached_uniclean,10:11 AM
1478,591,act_arr_time,replace_nearby,cached_uniclean,01:11 PM
1479,592,act_dep_time,replace_nearby,cached_uniclean,12:12 PM
1481,593,act_dep_time,replace_nearby,cached_uniclean,12:13 PM
1589,594,act_dep_time,replace_nearby,cached_uniclean,07:42 PM
1589,594,act_arr_time,replace_nearby,cached_uniclean,10:29 PM
1596,595,act_dep_time,replace_nearby,cached_uniclean,04:10 PM
1596,595,act_arr_time,replace_nearby,cached_uniclean,06:25 PM
1597,596,sched_dep_time,replace_nearby,cached_uniclean,09:45 AM
1597,596,act_dep_time,replace_nearby,cached_uniclean,10:19 AM
1600,598,sched_dep_time,replace_nearby,cached_uniclean,11:40 AM
1600,598,act_dep_time,replace_nearby,cached_uniclean,12:06 PM
1602,599,sched_dep_time,replace_nearby,cached_uniclean,11:05 AM
1602,599,act_dep_time,replace_nearby,cached_uniclean,11:45 AM
1603,600,act_dep_time,replace_nearby,cached_uniclean,10:19 AM
1603,600,act_arr_time,replace_nearby,cached_uniclean,11:50 AM
1606,601,act_dep_time,replace_nearby,cached_uniclean,10:11 AM
1606,601,act_arr_time,replace_nearby,cached_uniclean,01:11 PM
1607,602,sched_dep_time,replace_nearby,cached_uniclean,11:45 AM
1607,602,act_dep_time,replace_nearby,cached_uniclean,12:14 PM
1608,603,act_dep_time,replace_nearby,cached_uniclean,12:08 PM
1610,604,act_dep_time,replace_nearby,cached_uniclean,11:52 AM
1613,605,act_dep_time,replace_nearby,cached_uniclean,05:09 PM
1613,605,act_arr_time,replace_nearby,cached_uniclean,07:53 PM
1615,606,act_dep_time,replace_nearby,cached_uniclean,08:23 PM
1615,606,act_arr_time,replace_nearby,cached_uniclean,09:47 PM
1617,607,act_dep_time,replace_nearby,cached_uniclean,06:56 PM
1628,609,act_dep_time,replace_nearby,cached_uniclean,03:28 PM
1630,610,act_dep_time,replace_nearby,cached_uniclean,12:11 PM
1634,611,sched_dep_time,replace_nearby,cached_uniclean,11:25 AM
1634,611,act_dep_time,replace_nearby,cached_uniclean,11:41 AM
1635,612,act_dep_time,replace_nearby,cached_uniclean,04:12 PM
1662,614,sched_arr_time,replace_nearby,cached_uniclean,09:40 AM
1663,615,sched_arr_time,replace_nearby,cached_uniclean,09:25 AM
1663,615,act_arr_time,replace_nearby,cached_uniclean,09:28 AM
1664,616,sched_arr_time,replace_nearby,cached_uniclean,10:15 PM
1664,616,act_arr_time,replace_nearby,cached_uniclean,10:29 PM
1665,617,act_dep_time,replace_nearby,cached_uniclean,09:01 AM
1665,617,sched_arr_time,replace_nearby,cached_uniclean,09:54 AM
1665,617,act_arr_time,replace_nearby,cached_uniclean,09:43 AM
1666,618,sched_arr_time,replace_nearby,cached_uniclean,10:30 PM
1666,618,act_arr_time,replace_nearby,cached_uniclean,10:31 PM
1667,619,act_dep_time,replace_nearby,cached_uniclean,11:29 PM
1667,619,sched_arr_time,replace_nearby,cached_uniclean,06:55 AM
1667,619,act_arr_time,replace_nearby,cached_uniclean,06:35 AM
1668,620,sched_arr_time,replace_nearby,cached_uniclean,06:46 PM
1668,620,act_arr_time,replace_nearby,cached_uniclean,06:25 PM
1669,621,sched_arr_time,replace_nearby,cached_uniclean,09:21 AM
1669,621,act_arr_time,replace_nearby,cached_uniclean,09:09 AM
1670,622,sched_arr_time,replace_nearby,cached_uniclean,09:55 AM
1670,622,act_arr_time,replace_nearby,cached_uniclean,09:45 AM
1671,623,sched_arr_time,replace_nearby,cached_uniclean,07:55 PM
1671,623,act_arr_time,replace_nearby,cached_uniclean,07:39 PM
1672,624,act_dep_time,replace_nearby,cached_uniclean,10:11 AM
1672,624,sched_arr_time,replace_nearby,cached_uniclean,12:35 PM
1673,625,sched_arr_time,replace_nearby,cached_uniclean,03:50 PM
1673,625,act_arr_time,replace_nearby,cached_uniclean,04:09 PM
1674,626,sched_arr_time,replace_nearby,cached_uniclean,01:17 PM
1674,626,act_arr_time,replace_nearby,cached_uniclean,01:14 PM
1675,627,act_dep_time,replace_nearby,cached_uniclean,06:09 AM
1675,627,sched_arr_time,replace_nearby,cached_uniclean,09:20 AM
1675,627,act_arr_time,replace_nearby,cached_uniclean,09:05 AM
1676,628,sched_arr_time,replace_nearby,cached_uniclean,04:57 PM
1676,628,act_arr_time,replace_nearby,cached_uniclean,05:05 PM
1677,629,act_dep_time,replace_nearby,cached_uniclean,08:04 AM
1677,629,sched_arr_time,replace_nearby,cached_uniclean,11:05 AM
1677,629,act_arr_time,replace_nearby,cached_uniclean,11:01 AM
1678,630,sched_arr_time,replace_nearby,cached_uniclean,12:10 PM
1679,631,sched_arr_time,replace_nearby,cached_uniclean,08:00 AM
1680,632,sched_arr_time,replace_nearby,cached_uniclean,02:35 PM
1681,633,act_dep_time,replace_nearby,cached_uniclean,06:58 AM
1681,633,sched_arr_time,replace_nearby,cached_uniclean,07:45 AM
1681,633,act_arr_time,replace_nearby,cached_uniclean,07:40 AM
1682,634,sched_arr_time,replace_nearby,cached_uniclean,02:45 PM
1682,634,act_arr_time,replace_nearby,cached_uniclean,02:50 PM
1683,635,sched_arr_time,replace_nearby,cached_uniclean,03:19 PM
1683,635,act_arr_time,replace_nearby,cached_uniclean,03:21 PM
1684,636,act_dep_time,replace_nearby,cached_uniclean,02:43 PM
1684,636,sched_arr_time,replace_nearby,cached_uniclean,06:15 PM
1684,636,act_arr_time,replace_nearby,cached_uniclean,05:42 PM
1685,637,act_dep_time,replace_nearby,cached_uniclean,12:08 PM
1685,637,sched_arr_time,replace_nearby,cached_uniclean,01:45 PM
1685,637,act_arr_time,replace_nearby,cached_uniclean,01:15 PM
1686,638,sched_arr_time,replace_nearby,cached_uniclean,08:22 PM
1686,638,act_arr_time,replace_nearby,cached_uniclean,08:03 PM
1687,639,sched_arr_time,replace_nearby,cached_uniclean,11:10 AM
1687,639,act_arr_time,replace_nearby,cached_uniclean,11:06 AM
1688,640,sched_dep_time,replace_nearby,cached_uniclean,07:10 PM
1688,640,act_dep_time,replace_nearby,cached_uniclean,08:25 PM
1688,640,sched_arr_time,replace_nearby,cached_uniclean,08:56 PM
1688,640,act_arr_time,replace_nearby,cached_uniclean,09:38 PM
1689,641,sched_arr_time,replace_nearby,cached_uniclean,02:25 PM
1689,641,act_arr_time,replace_nearby,cached_uniclean,02:27 PM
1690,642,act_dep_time,replace_nearby,cached_uniclean,11:06 AM
1690,642,sched_arr_time,replace_nearby,cached_uniclean,02:45 PM
1690,642,act_arr_time,replace_nearby,cached_uniclean,02:46 PM
1691,643,sched_arr_time,replace_nearby,cached_uniclean,04:00 PM
1691,643,act_arr_time,replace_nearby,cached_uniclean,03:25 PM
1692,644,act_dep_time,replace_nearby,cached_uniclean,07:22 AM
1692,644,sched_arr_time,replace_nearby,cached_uniclean,10:35 AM
1692,644,act_arr_time,replace_nearby,cached_uniclean,10:36 AM
1693,645,sched_arr_time,replace_nearby,cached_uniclean,07:25 PM
1694,646,sched_arr_time,replace_nearby,cached_uniclean,09:10 PM
1694,646,act_arr_time,replace_nearby,cached_uniclean,08:53 PM
1695,647,sched_arr_time,replace_nearby,cached_uniclean,03:15 PM
1695,647,act_arr_time,replace_nearby,cached_uniclean,03:16 PM
1696,648,sched_arr_time,replace_nearby,cached_uniclean,12:21 AM
1697,649,act_dep_time,replace_nearby,cached_uniclean,09:14 AM
1697,649,sched_arr_time,replace_nearby,cached_uniclean,12:18 PM
1697,649,act_arr_time,replace_nearby,cached_uniclean,12:09 PM
1698,650,sched_arr_time,replace_nearby,cached_uniclean,07:30 AM
1698,650,act_arr_time,replace_nearby,cached_uniclean,07:51 AM
1699,651,sched_arr_time,replace_nearby,cached_uniclean,09:35 AM
1700,652,act_dep_time,replace_nearby,cached_uniclean,05:09 PM
1700,652,sched_arr_time,replace_nearby,cached_uniclean,08:05 PM
1700,652,act_arr_time,replace_nearby,cached_uniclean,07:53 PM
1701,653,act_dep_time,replace_nearby,cached_uniclean,04:46 PM
1701,653,sched_arr_time,replace_nearby,cached_uniclean,06:23 PM
1701,653,act_arr_time,replace_nearby,cached_uniclean,06:38 PM
1702,654,sched_arr_time,replace_nearby,cached_uniclean,09:45 PM
1703,655,act_dep_time,replace_nearby,cached_uniclean,11:02 AM
1703,655,sched_arr_time,replace_nearby,cached_uniclean,02:59 PM
1703,655,act_arr_time,replace_nearby,cached_uniclean,03:04 PM
1704,656,sched_arr_time,replace_nearby,cached_uniclean,04:31 PM
1704,656,act_arr_time,replace_nearby,cached_uniclean,04:23 PM
1705,657,sched_arr_time,replace_nearby,cached_uniclean,04:17 PM
1705,657,act_arr_time,replace_nearby,cached_uniclean,04:17 PM
1706,658,act_dep_time,replace_nearby,cached_uniclean,04:28 PM
1706,658,sched_arr_time,replace_nearby,cached_uniclean,12:29 AM
1706,658,act_arr_time,replace_nearby,cached_uniclean,12:01 AM
1707,659,act_dep_time,replace_nearby,cached_uniclean,09:06 PM
1707,659,sched_arr_time,replace_nearby,cached_uniclean,12:15 AM
1707,659,act_arr_time,replace_nearby,cached_uniclean,11:49 PM
1708,660,sched_arr_time,replace_nearby,cached_uniclean,11:50 PM
1709,661,act_dep_time,replace_nearby,cached_uniclean,07:23 AM
1709,661,sched_arr_time,replace_nearby,cached_uniclean,10:34 AM
1709,661,act_arr_time,replace_nearby,cached_uniclean,10:04 AM
1710,662,act_dep_time,replace_nearby,cached_uniclean,08:52 AM
1710,662,sched_arr_time,replace_nearby,cached_uniclean,11:50 AM
1710,662,act_arr_time,replace_nearby,cached_uniclean,11:44 AM
1711,663,act_dep_time,replace_nearby,cached_uniclean,01:41 PM
1711,663,sched_arr_time,replace_nearby,cached_uniclean,03:50 PM
1711,663,act_arr_time,replace_nearby,cached_uniclean,03:29 PM
1712,664,sched_arr_time,replace_nearby,cached_uniclean,05:11 AM
1713,665,act_dep_time,replace_nearby,cached_uniclean,05:38 PM
1713,665,sched_arr_time,replace_nearby,cached_uniclean,06:40 PM
1713,665,act_arr_time,replace_nearby,cached_uniclean,06:19 PM
1714,666,sched_arr_time,replace_nearby,cached_uniclean,09:20 PM
1715,667,sched_arr_time,replace_nearby,cached_uniclean,04:05 PM
1716,668,act_dep_time,replace_nearby,cached_uniclean,03:28 PM
1716,668,sched_arr_time,replace_nearby,cached_uniclean,05:55 PM
1716,668,act_arr_time,replace_nearby,cached_uniclean,05:43 PM
1717,669,sched_arr_time,replace_nearby,cached_uniclean,11:35 AM
1718,670,act_dep_time,replace_nearby,cached_uniclean,12:11 PM
1718,670,sched_arr_time,replace_nearby,cached_uniclean,02:15 PM
1718,670,act_arr_time,replace_nearby,cached_uniclean,01:43 PM
1719,671,act_dep_time,replace_nearby,cached_uniclean,01:20 PM
1719,671,sched_arr_time,replace_nearby,cached_uniclean,02:35 PM
1719,671,act_arr_time,replace_nearby,cached_uniclean,03:13 PM
1720,672,act_dep_time,replace_nearby,cached_uniclean,03:38 PM
1720,672,sched_arr_time,replace_nearby,cached_uniclean,06:30 PM
1720,672,act_arr_time,replace_nearby,cached_uniclean,06:43 PM
1721,673,sched_arr_time,replace_nearby,cached_uniclean,06:40 PM
1721,673,act_arr_time,replace_nearby,cached_uniclean,06:15 PM
1722,674,sched_arr_time,replace_nearby,cached_uniclean,03:30 PM
1722,674,act_arr_time,replace_nearby,cached_uniclean,03:14 PM
1723,675,sched_arr_time,replace_nearby,cached_uniclean,06:17 PM
1723,675,act_arr_time,replace_nearby,cached_uniclean,05:38 PM
1724,676,sched_arr_time,replace_nearby,cached_uniclean,12:55 PM
1724,676,act_arr_time,replace_nearby,cached_uniclean,12:50 PM
1725,677,act_dep_time,replace_nearby,cached_uniclean,03:58 PM
1725,677,sched_arr_time,replace_nearby,cached_uniclean,07:05 PM
1725,677,act_arr_time,replace_nearby,cached_uniclean,06:36 PM
1726,678,sched_arr_time,replace_nearby,cached_uniclean,06:40 AM
1726,678,act_arr_time,replace_nearby,cached_uniclean,06:19 AM
1727,679,act_dep_time,replace_nearby,cached_uniclean,07:40 AM
1727,679,sched_arr_time,replace_nearby,cached_uniclean,10:45 AM
1727,679,act_arr_time,replace_nearby,cached_uniclean,11:12 AM
1728,680,act_dep_time,replace_nearby,cached_uniclean,08:49 AM
1729,681,act_dep_time,replace_nearby,cached_uniclean,09:01 AM
1730,682,act_dep_time,replace_nearby,cached_uniclean,03:50 PM
1731,683,act_dep_time,replace_nearby,cached_uniclean,10:53 AM
1732,684,act_dep_time,replace_nearby,cached_uniclean,04:10 PM
1732,684,act_arr_time,replace_nearby,cached_uniclean,06:25 PM
1733,685,act_dep_time,replace_nearby,cached_uniclean,11:45 AM
1734,686,act_dep_time,replace_nearby,cached_uniclean,12:56 PM
1735,687,sched_dep_time,replace_nearby,cached_uniclean,12:00 PM
1735,687,act_dep_time,replace_nearby,cached_uniclean,12:08 PM
1736,688,act_dep_time,replace_nearby,cached_uniclean,08:07 AM
1737,689,act_dep_time,replace_nearby,cached_uniclean,08:26 AM
1738,690,act_dep_time,replace_nearby,cached_uniclean,01:43 PM
1739,691,act_dep_time,replace_nearby,cached_uniclean,02:38 PM
1740,692,act_dep_time,replace_nearby,cached_uniclean,04:46 PM
1741,693,act_dep_time,replace_nearby,cached_uniclean,04:37 PM
1742,694,act_dep_time,replace_nearby,cached_uniclean,07:31 AM
1742,694,act_arr_time,replace_nearby,cached_uniclean,10:45 AM
1743,695,act_dep_time,replace_nearby,cached_uniclean,01:48 PM
1744,696,act_dep_time,replace_nearby,cached_uniclean,02:01 PM
1746,697,act_dep_time,replace_nearby,cached_uniclean,08:37 AM
1747,698,act_dep_time,replace_nearby,cached_uniclean,07:41 AM
1749,699,act_dep_time,replace_nearby,cached_uniclean,01:45 PM
1750,700,act_dep_time,replace_nearby,cached_uniclean,11:47 AM
1750,700,act_arr_time,replace_nearby,cached_uniclean,02:02 PM
1751,701,act_dep_time,replace_nearby,cached_uniclean,03:04 PM
1751,701,act_arr_time,replace_nearby,cached_uniclean,04:24 PM
1753,703,act_dep_time,replace_nearby,cached_uniclean,09:43 AM
1753,703,act_arr_time,replace_nearby,cached_uniclean,12:12 PM
1754,704,act_dep_time,replace_nearby,cached_uniclean,03:04 PM
1755,705,act_dep_time,replace_nearby,cached_uniclean,09:05 AM
1757,707,act_dep_time,replace_nearby,cached_uniclean,06:10 AM
1758,708,act_dep_time,replace_nearby,cached_uniclean,02:43 PM
1759,709,act_arr_time,replace_nearby,cached_uniclean,09:22 AM
1762,711,act_dep_time,replace_nearby,cached_uniclean,08:49 AM
1765,712,act_dep_time,replace_nearby,cached_uniclean,12:12 PM
1766,713,act_dep_time,replace_nearby,cached_uniclean,03:50 PM
1772,714,act_dep_time,replace_nearby,cached_uniclean,04:10 PM
1772,714,act_arr_time,replace_nearby,cached_uniclean,06:25 PM
1775,715,act_dep_time,replace_nearby,cached_uniclean,10:11 AM
1775,715,act_arr_time,replace_nearby,cached_uniclean,01:11 PM
1783,718,act_dep_time,replace_nearby,cached_uniclean,12:13 PM
1785,719,act_dep_time,replace_nearby,cached_uniclean,06:09 AM
1786,720,act_dep_time,replace_nearby,cached_uniclean,11:45 AM
1789,721,act_dep_time,replace_nearby,cached_uniclean,10:19 AM
1789,721,act_arr_time,replace_nearby,cached_uniclean,11:50 AM
1794,722,act_dep_time,replace_nearby,cached_uniclean,02:43 PM
1795,723,act_dep_time,replace_nearby,cached_uniclean,12:08 PM
1798,724,act_dep_time,replace_nearby,cached_uniclean,11:06 AM
1801,725,act_dep_time,replace_nearby,cached_uniclean,07:22 AM
1803,726,act_dep_time,replace_nearby,cached_uniclean,06:56 PM
1808,729,act_dep_time,replace_nearby,cached_uniclean,07:31 AM
1808,729,act_arr_time,replace_nearby,cached_uniclean,09:26 AM
1810,730,act_dep_time,replace_nearby,cached_uniclean,04:46 PM
1812,731,act_arr_time,replace_nearby,cached_uniclean,09:47 PM
1816,732,act_dep_time,replace_nearby,cached_uniclean,01:48 PM
1817,733,act_dep_time,replace_nearby,cached_uniclean,12:42 PM
1823,734,act_dep_time,replace_nearby,cached_uniclean,07:23 AM
1824,735,act_dep_time,replace_nearby,cached_uniclean,08:52 AM
1837,736,act_arr_time,replace_nearby,cached_uniclean,03:36 PM
1838,737,act_dep_time,replace_nearby,cached_uniclean,03:28 PM
1839,738,act_dep_time,replace_nearby,cached_uniclean,07:23 AM
1839,738,act_arr_time,replace_nearby,cached_uniclean,11:04 AM
1840,739,act_dep_time,replace_nearby,cached_uniclean,12:11 PM
1843,741,act_dep_time,replace_nearby,cached_uniclean,01:20 PM
1845,742,act_dep_time,replace_nearby,cached_uniclean,03:38 PM
1846,743,act_arr_time,replace_nearby,cached_uniclean,07:59 AM
1852,747,act_dep_time,replace_nearby,cached_uniclean,11:55 AM
1853,748,act_dep_time,replace_nearby,cached_uniclean,10:55 AM
1854,749,act_dep_time,replace_nearby,cached_uniclean,06:58 AM
1857,752,act_dep_time,replace_nearby,cached_uniclean,07:40 AM
1858,753,act_dep_time,replace_nearby,cached_uniclean,07:32 AM
1859,754,act_arr_time,replace_nearby,cached_uniclean,09:22 AM
1860,755,act_dep_time,replace_nearby,cached_uniclean,07:42 PM
1862,757,act_dep_time,replace_nearby,cached_uniclean,08:49 AM
1863,758,act_dep_time,replace_nearby,cached_uniclean,09:01 AM
1865,759,act_dep_time,replace_nearby,cached_uniclean,12:14 PM
1867,760,act_dep_time,replace_nearby,cached_uniclean,03:50 PM
1870,762,act_dep_time,replace_nearby,cached_uniclean,06:10 AM
1872,764,act_dep_time,replace_nearby,cached_uniclean,04:10 PM
1872,764,act_arr_time,replace_nearby,cached_uniclean,06:25 PM
1873,765,act_dep_time,replace_nearby,cached_uniclean,07:56 AM
1873,765,act_arr_time,replace_nearby,cached_uniclean,09:09 AM
1876,768,act_dep_time,replace_nearby,cached_uniclean,08:26 AM
1878,770,act_dep_time,replace_nearby,cached_uniclean,10:11 AM
1878,770,act_arr_time,replace_nearby,cached_uniclean,01:11 PM
1880,772,act_dep_time,replace_nearby,cached_uniclean,05:38 PM
1881,773,act_dep_time,replace_nearby,cached_uniclean,12:13 PM
1882,774,act_dep_time,replace_nearby,cached_uniclean,12:06 PM
1883,775,act_dep_time,replace_nearby,cached_uniclean,06:09 AM
1884,776,act_dep_time,replace_nearby,cached_uniclean,11:45 AM
1888,780,act_dep_time,replace_nearby,cached_uniclean,10:19 AM
1888,780,act_arr_time,replace_nearby,cached_uniclean,11:50 AM
1889,781,act_arr_time,replace_nearby,cached_uniclean,07:59 AM
1891,782,act_dep_time,replace_nearby,cached_uniclean,06:58 AM
1892,783,act_dep_time,replace_nearby,cached_uniclean,12:42 PM
1893,784,act_dep_time,replace_nearby,cached_uniclean,12:56 PM
1894,785,act_dep_time,replace_nearby,cached_uniclean,12:08 PM
1897,787,act_dep_time,replace_nearby,cached_uniclean,11:06 AM
1898,788,act_dep_time,replace_nearby,cached_uniclean,01:43 PM
1899,789,act_arr_time,replace_nearby,cached_uniclean,03:25 PM
1900,790,act_dep_time,replace_nearby,cached_uniclean,07:22 AM
1901,791,act_dep_time,replace_nearby,cached_uniclean,08:18 AM
1902,792,act_dep_time,replace_nearby,cached_uniclean,06:56 PM
1903,793,act_dep_time,replace_nearby,cached_uniclean,12:12 PM
1905,794,act_dep_time,replace_nearby,cached_uniclean,02:38 PM
1908,797,act_dep_time,replace_nearby,cached_uniclean,07:31 AM
1908,797,act_arr_time,replace_nearby,cached_uniclean,09:26 AM
1909,798,act_dep_time,replace_nearby,cached_uniclean,05:09 PM
1909,798,act_arr_time,replace_nearby,cached_uniclean,07:53 PM
1911,800,act_dep_time,replace_nearby,cached_uniclean,04:46 PM
1912,801,act_dep_time,replace_nearby,cached_uniclean,04:37 PM
1913,802,act_arr_time,replace_nearby,cached_uniclean,09:47 PM
1915,804,act_dep_time,replace_nearby,cached_uniclean,07:31 AM
1915,804,act_arr_time,replace_nearby,cached_uniclean,10:45 AM
1916,805,act_dep_time,replace_nearby,cached_uniclean,11:02 AM
1917,806,act_dep_time,replace_nearby,cached_uniclean,01:48 PM
1918,807,act_dep_time,replace_nearby,cached_uniclean,02:01 PM
1923,808,act_dep_time,replace_nearby,cached_uniclean,03:04 PM
1924,809,act_dep_time,replace_nearby,cached_uniclean,07:23 AM
1925,810,act_dep_time,replace_nearby,cached_uniclean,08:52 AM
1926,811,act_dep_time,replace_nearby,cached_uniclean,02:43 PM
1927,812,act_dep_time,replace_nearby,cached_uniclean,08:37 AM
1931,814,act_dep_time,replace_nearby,cached_uniclean,11:47 AM
1931,814,act_arr_time,replace_nearby,cached_uniclean,02:02 PM
1933,815,act_dep_time,replace_nearby,cached_uniclean,03:04 PM
1933,815,act_arr_time,replace_nearby,cached_uniclean,04:24 PM
1935,817,act_arr_time,replace_nearby,cached_uniclean,03:36 PM
1936,818,act_dep_time,replace_nearby,cached_uniclean,03:28 PM
1937,819,act_dep_time,replace_nearby,cached_uniclean,07:23 AM
1937,819,act_arr_time,replace_nearby,cached_uniclean,11:04 AM
1938,820,act_dep_time,replace_nearby,cached_uniclean,12:11 PM
1939,821,act_dep_time,replace_nearby,cached_uniclean,01:20 PM
1940,822,act_dep_time,replace_nearby,cached_uniclean,08:07 AM
1942,824,act_dep_time,replace_nearby,cached_uniclean,03:38 PM
1944,826,act_dep_time,replace_nearby,cached_uniclean,07:32 AM
1946,828,act_dep_time,replace_nearby,cached_uniclean,11:55 AM
1947,829,act_dep_time,replace_nearby,cached_uniclean,10:55 AM
1950,832,act_dep_time,replace_nearby,cached_uniclean,07:40 AM
1967,839,act_arr_time,replace_nearby,cached_uniclean,01:11 PM
1970,841,act_dep_time,replace_nearby,cached_uniclean,04:29 PM
1978,844,act_arr_time,replace_nearby,cached_uniclean,05:05 PM
1982,846,act_arr_time,replace_nearby,cached_uniclean,03:13 PM
1987,848,act_arr_time,replace_nearby,cached_uniclean,01:15 PM
1993,850,act_arr_time,replace_nearby,cached_uniclean,10:36 AM
1995,851,act_arr_time,replace_nearby,cached_uniclean,08:53 PM
1998,852,act_dep_time,replace_nearby,cached_uniclean,09:14 AM
1999,853,act_dep_time,replace_nearby,cached_uniclean,06:56 AM
2000,854,act_arr_time,replace_nearby,cached_uniclean,09:26 AM
2002,855,act_arr_time,replace_nearby,cached_uniclean,06:38 PM
2004,856,act_arr_time,replace_nearby,cached_uniclean,09:47 PM
2009,859,act_arr_time,replace_nearby,cached_uniclean,02:50 PM
2030,863,act_arr_time,replace_nearby,cached_uniclean,05:43 PM
2031,864,act_arr_time,replace_nearby,cached_uniclean,11:04 AM
2033,866,act_dep_time,replace_nearby,cached_uniclean,08:04 AM
2033,866,act_arr_time,replace_nearby,cached_uniclean,11:01 AM
2035,867,act_arr_time,replace_nearby,cached_uniclean,03:13 PM
2038,869,act_arr_time,replace_nearby,cached_uniclean,07:59 AM
2040,870,act_arr_time,replace_nearby,cached_uniclean,06:15 PM
2042,872,act_dep_time,replace_nearby,cached_uniclean,07:39 AM
2044,873,act_arr_time,replace_nearby,cached_uniclean,05:38 PM
2045,874,act_arr_time,replace_nearby,cached_uniclean,12:50 PM
2046,875,act_arr_time,replace_nearby,cached_uniclean,07:40 AM
2047,876,act_dep_time,replace_nearby,cached_uniclean,03:58 PM
2048,877,act_dep_time,replace_nearby,cached_uniclean,06:10 AM
2051,880,act_arr_time,replace_nearby,cached_uniclean,09:22 AM
2054,882,act_dep_time,replace_nearby,cached_uniclean,08:49 AM
2057,883,act_dep_time,replace_nearby,cached_uniclean,12:12 PM
2058,884,act_dep_time,replace_nearby,cached_uniclean,03:50 PM
2064,885,act_dep_time,replace_nearby,cached_uniclean,04:10 PM
2064,885,act_arr_time,replace_nearby,cached_uniclean,06:25 PM
2067,886,act_dep_time,replace_nearby,cached_uniclean,10:11 AM
2067,886,act_arr_time,replace_nearby,cached_uniclean,01:11 PM
2075,889,act_dep_time,replace_nearby,cached_uniclean,12:13 PM
2077,890,act_dep_time,replace_nearby,cached_uniclean,06:09 AM
2078,891,act_dep_time,replace_nearby,cached_uniclean,11:45 AM
2081,892,act_dep_time,replace_nearby,cached_uniclean,10:19 AM
2081,892,act_arr_time,replace_nearby,cached_uniclean,11:50 AM
2086,893,act_dep_time,replace_nearby,cached_uniclean,02:43 PM
2087,894,act_dep_time,replace_nearby,cached_uniclean,12:08 PM
2090,895,act_dep_time,replace_nearby,cached_uniclean,11:06 AM
2093,896,act_dep_time,replace_nearby,cached_uniclean,07:22 AM
2095,897,act_dep_time,replace_nearby,cached_uniclean,06:56 PM
2100,900,act_dep_time,replace_nearby,cached_uniclean,07:31 AM
2100,900,act_arr_time,replace_nearby,cached_uniclean,09:26 AM
2102,901,act_dep_time,replace_nearby,cached_uniclean,04:46 PM
2104,902,act_arr_time,replace_nearby,cached_uniclean,09:47 PM
2108,903,act_dep_time,replace_nearby,cached_uniclean,01:48 PM
2109,904,act_dep_time,replace_nearby,cached_uniclean,12:42 PM
2115,905,act_dep_time,replace_nearby,cached_uniclean,07:23 AM
2116,906,act_dep_time,replace_nearby,cached_uniclean,08:52 AM
2129,907,act_arr_time,replace_nearby,cached_uniclean,03:36 PM
2130,908,act_dep_time,replace_nearby,cached_uniclean,03:28 PM
2131,909,act_dep_time,replace_nearby,cached_uniclean,07:23 AM
2131,909,act_arr_time,replace_nearby,cached_uniclean,11:04 AM
2132,910,act_dep_time,replace_nearby,cached_uniclean,12:11 PM
2135,912,act_dep_time,replace_nearby,cached_uniclean,01:20 PM
2137,913,act_dep_time,replace_nearby,cached_uniclean,03:38 PM
2138,914,act_arr_time,replace_nearby,cached_uniclean,07:59 AM
2144,918,act_dep_time,replace_nearby,cached_uniclean,11:55 AM
2145,919,act_dep_time,replace_nearby,cached_uniclean,10:55 AM
2146,920,act_dep_time,replace_nearby,cached_uniclean,06:58 AM
2149,923,act_dep_time,replace_nearby,cached_uniclean,07:40 AM
2150,924,act_dep_time,replace_nearby,cached_uniclean,07:32 AM
2172,931,act_arr_time,replace_nearby,cached_uniclean,01:11 PM
2175,933,act_dep_time,replace_nearby,cached_uniclean,04:29 PM
2183,936,act_arr_time,replace_nearby,cached_uniclean,05:05 PM
2187,938,act_arr_time,replace_nearby,cached_uniclean,03:13 PM
2192,940,act_arr_time,replace_nearby,cached_uniclean,01:15 PM
2198,942,act_arr_time,replace_nearby,cached_uniclean,10:36 AM
2200,943,act_arr_time,replace_nearby,cached_uniclean,08:53 PM
2203,944,act_dep_time,replace_nearby,cached_uniclean,09:14 AM
2204,945,act_dep_time,replace_nearby,cached_uniclean,06:56 AM
2205,946,act_arr_time,replace_nearby,cached_uniclean,09:26 AM
2207,947,act_arr_time,replace_nearby,cached_uniclean,06:38 PM
2209,948,act_arr_time,replace_nearby,cached_uniclean,09:47 PM
2214,951,act_arr_time,replace_nearby,cached_uniclean,02:50 PM
2235,955,act_arr_time,replace_nearby,cached_uniclean,05:43 PM
2236,956,act_arr_time,replace_nearby,cached_uniclean,11:04 AM
2238,958,act_dep_time,replace_nearby,cached_uniclean,08:04 AM
2238,958,act_arr_time,replace_nearby,cached_uniclean,11:01 AM
2240,959,act_arr_time,replace_nearby,cached_uniclean,03:13 PM
2243,961,act_arr_time,replace_nearby,cached_uniclean,07:59 AM
2245,962,act_arr_time,replace_nearby,cached_uniclean,06:15 PM
2247,964,act_dep_time,replace_nearby,cached_uniclean,07:39 AM
2249,965,act_arr_time,replace_nearby,cached_uniclean,05:38 PM
2250,966,act_arr_time,replace_nearby,cached_uniclean,12:50 PM
2251,967,act_arr_time,replace_nearby,cached_uniclean,07:40 AM
2252,968,act_dep_time,replace_nearby,cached_uniclean,03:58 PM
2253,969,act_dep_time,replace_nearby,cached_uniclean,06:10 AM
2256,972,sched_arr_time,replace_nearby,cached_uniclean,09:40 AM
2257,973,sched_arr_time,replace_nearby,cached_uniclean,09:25 AM
2257,973,act_arr_time,replace_nearby,cached_uniclean,09:28 AM
2258,974,sched_arr_time,replace_nearby,cached_uniclean,10:15 PM
2258,974,act_arr_time,replace_nearby,cached_uniclean,10:29 PM
2259,975,act_dep_time,replace_nearby,cached_uniclean,09:01 AM
2259,975,sched_arr_time,replace_nearby,cached_uniclean,09:54 AM
2259,975,act_arr_time,replace_nearby,cached_uniclean,09:43 AM
2260,976,sched_arr_time,replace_nearby,cached_uniclean,10:30 PM
2260,976,act_arr_time,replace_nearby,cached_uniclean,10:31 PM
2261,977,act_dep_time,replace_nearby,cached_uniclean,11:29 PM
2261,977,sched_arr_time,replace_nearby,cached_uniclean,06:55 AM
2261,977,act_arr_time,replace_nearby,cached_uniclean,06:35 AM
2262,978,sched_arr_time,replace_nearby,cached_uniclean,06:46 PM
2262,978,act_arr_time,replace_nearby,cached_uniclean,06:25 PM
2263,979,sched_arr_time,replace_nearby,cached_uniclean,09:21 AM
2263,979,act_arr_time,replace_nearby,cached_uniclean,09:09 AM
2264,980,sched_arr_time,replace_nearby,cached_uniclean,09:55 AM
2264,980,act_arr_time,replace_nearby,cached_uniclean,09:45 AM
2265,981,sched_arr_time,replace_nearby,cached_uniclean,07:55 PM
2265,981,act_arr_time,replace_nearby,cached_uniclean,07:39 PM
2266,982,act_dep_time,replace_nearby,cached_uniclean,10:11 AM
2266,982,sched_arr_time,replace_nearby,cached_uniclean,12:35 PM
2267,983,sched_arr_time,replace_nearby,cached_uniclean,03:50 PM
2267,983,act_arr_time,replace_nearby,cached_uniclean,04:09 PM
2268,984,sched_arr_time,replace_nearby,cached_uniclean,01:17 PM
2268,984,act_arr_time,replace_nearby,cached_uniclean,01:14 PM
2269,985,act_dep_time,repair_value,cached_uniclean,06:09 AM
2269,985,sched_arr_time,repair_value,cached_uniclean,09:20 AM
2269,985,act_arr_time,repair_value,cached_uniclean,09:05 AM
2270,986,sched_arr_time,replace_nearby,cached_uniclean,04:57 PM
2270,986,act_arr_time,replace_nearby,cached_uniclean,05:05 PM
2271,987,act_dep_time,replace_nearby,cached_uniclean,08:04 AM
2271,987,sched_arr_time,replace_nearby,cached_uniclean,11:05 AM
2271,987,act_arr_time,replace_nearby,cached_uniclean,11:01 AM
2272,988,sched_arr_time,replace_nearby,cached_uniclean,12:10 PM
2273,989,sched_arr_time,replace_nearby,cached_uniclean,08:00 AM
2274,990,sched_arr_time,replace_nearby,cached_uniclean,02:35 PM
2275,991,act_dep_time,replace_nearby,cached_uniclean,06:58 AM
2275,991,sched_arr_time,replace_nearby,cached_uniclean,07:45 AM
2275,991,act_arr_time,replace_nearby,cached_uniclean,07:40 AM
2276,992,sched_arr_time,replace_nearby,cached_uniclean,02:45 PM
2276,992,act_arr_time,replace_nearby,cached_uniclean,02:50 PM
2277,993,sched_arr_time,replace_nearby,cached_uniclean,03:19 PM
2277,993,act_arr_time,replace_nearby,cached_uniclean,03:21 PM
2278,994,act_dep_time,replace_nearby,cached_uniclean,02:43 PM
2278,994,sched_arr_time,replace_nearby,cached_uniclean,06:15 PM
2278,994,act_arr_time,replace_nearby,cached_uniclean,05:42 PM
2279,995,act_dep_time,replace_nearby,cached_uniclean,12:08 PM
2279,995,sched_arr_time,replace_nearby,cached_uniclean,01:45 PM
2279,995,act_arr_time,replace_nearby,cached_uniclean,01:15 PM
2280,996,sched_arr_time,replace_nearby,cached_uniclean,08:22 PM
2280,996,act_arr_time,replace_nearby,cached_uniclean,08:03 PM
2281,997,sched_arr_time,replace_nearby,cached_uniclean,11:10 AM
2281,997,act_arr_time,replace_nearby,cached_uniclean,11:06 AM
2282,998,sched_dep_time,replace_nearby,cached_uniclean,07:10 PM
2282,998,act_dep_time,replace_nearby,cached_uniclean,08:25 PM
2282,998,sched_arr_time,replace_nearby,cached_uniclean,08:56 PM
2282,998,act_arr_time,replace_nearby,cached_uniclean,09:38 PM
2283,999,sched_arr_time,replace_nearby,cached_uniclean,02:25 PM
2283,999,act_arr_time,replace_nearby,cached_uniclean,02:27 PM
2284,1000,act_dep_time,replace_nearby,cached_uniclean,11:06 AM
2284,1000,sched_arr_time,replace_nearby,cached_uniclean,02:45 PM
2284,1000,act_arr_time,replace_nearby,cached_uniclean,02:46 PM
2285,1001,sched_arr_time,replace_nearby,cached_uniclean,04:00 PM
2285,1001,act_arr_time,replace_nearby,cached_uniclean,03:25 PM
2286,1002,act_dep_time,replace_nearby,cached_uniclean,07:22 AM
2286,1002,sched_arr_time,replace_nearby,cached_uniclean,10:35 AM
2286,1002,act_arr_time,replace_nearby,cached_uniclean,10:36 AM
2287,1003,sched_arr_time,replace_nearby,cached_uniclean,07:25 PM
2288,1004,sched_arr_time,replace_nearby,cached_uniclean,09:10 PM
2288,1004,act_arr_time,replace_nearby,cached_uniclean,08:53 PM
2289,1005,sched_arr_time,replace_nearby,cached_uniclean,03:15 PM
2289,1005,act_arr_time,replace_nearby,cached_uniclean,03:16 PM
2290,1006,sched_arr_time,replace_nearby,cached_uniclean,12:21 AM
2291,1007,act_dep_time,replace_nearby,cached_uniclean,09:14 AM
2291,1007,sched_arr_time,replace_nearby,cached_uniclean,12:18 PM
2291,1007,act_arr_time,replace_nearby,cached_uniclean,12:09 PM
2292,1008,sched_arr_time,replace_nearby,cached_uniclean,07:30 AM
2292,1008,act_arr_time,replace_nearby,cached_uniclean,07:51 AM
2293,1009,sched_arr_time,replace_nearby,cached_uniclean,09:35 AM
2294,1010,act_dep_time,replace_nearby,cached_uniclean,05:09 PM
2294,1010,sched_arr_time,replace_nearby,cached_uniclean,08:05 PM
2294,1010,act_arr_time,replace_nearby,cached_uniclean,07:53 PM
2295,1011,act_dep_time,replace_nearby,cached_uniclean,04:46 PM
2295,1011,sched_arr_time,replace_nearby,cached_uniclean,06:23 PM
2295,1011,act_arr_time,replace_nearby,cached_uniclean,06:38 PM
2296,1012,sched_arr_time,replace_nearby,cached_uniclean,09:45 PM
2297,1013,act_dep_time,replace_nearby,cached_uniclean,11:02 AM
2297,1013,sched_arr_time,replace_nearby,cached_uniclean,02:59 PM
2297,1013,act_arr_time,replace_nearby,cached_uniclean,03:04 PM
2298,1014,sched_arr_time,replace_nearby,cached_uniclean,04:31 PM
2298,1014,act_arr_time,replace_nearby,cached_uniclean,04:23 PM
2299,1015,sched_arr_time,replace_nearby,cached_uniclean,04:17 PM
2299,1015,act_arr_time,replace_nearby,cached_uniclean,04:17 PM
2300,1016,act_dep_time,replace_nearby,cached_uniclean,04:28 PM
2300,1016,sched_arr_time,replace_nearby,cached_uniclean,12:29 AM
2300,1016,act_arr_time,replace_nearby,cached_uniclean,12:01 AM
2301,1017,act_dep_time,replace_nearby,cached_uniclean,09:06 PM
2301,1017,sched_arr_time,replace_nearby,cached_uniclean,12:15 AM
2301,1017,act_arr_time,replace_nearby,cached_uniclean,11:49 PM
2302,1018,sched_arr_time,replace_nearby,cached_uniclean,11:50 PM
2303,1019,act_dep_time,replace_nearby,cached_uniclean,07:23 AM
2303,1019,sched_arr_time,replace_nearby,cached_uniclean,10:34 AM
2303,1019,act_arr_time,replace_nearby,cached_uniclean,10:04 AM
2304,1020,act_dep_time,replace_nearby,cached_uniclean,08:52 AM
2304,1020,sched_arr_time,replace_nearby,cached_uniclean,11:50 AM
2304,1020,act_arr_time,replace_nearby,cached_uniclean,11:44 AM
2305,1021,act_dep_time,replace_nearby,cached_uniclean,01:41 PM
2305,1021,sched_arr_time,replace_nearby,cached_uniclean,03:50 PM
2305,1021,act_arr_time,replace_nearby,cached_uniclean,03:29 PM
2306,1022,sched_arr_time,replace_nearby,cached_uniclean,05:11 AM
2307,1023,act_dep_time,replace_nearby,cached_uniclean,05:38 PM
2307,1023,sched_arr_time,replace_nearby,cached_uniclean,06:40 PM
2307,1023,act_arr_time,replace_nearby,cached_uniclean,06:19 PM
2308,1024,sched_arr_time,replace_nearby,cached_uniclean,09:20 PM
2309,1025,sched_arr_time,replace_nearby,cached_uniclean,04:05 PM
2310,1026,act_dep_time,repair_value,cached_uniclean,03:28 PM
2310,1026,sched_arr_time,repair_value,cached_uniclean,05:55 PM
2310,1026,act_arr_time,repair_value,cached_uniclean,05:43 PM
2311,1027,sched_arr_time,replace_nearby,cached_uniclean,11:35 AM
2312,1028,act_dep_time,replace_nearby,cached_uniclean,12:11 PM
2312,1028,sched_arr_time,replace_nearby,cached_uniclean,02:15 PM
2312,1028,act_arr_time,replace_nearby,cached_uniclean,01:43 PM
2313,1029,act_dep_time,replace_nearby,cached_uniclean,01:20 PM
2313,1029,sched_arr_time,replace_nearby,cached_uniclean,02:35 PM
2313,1029,act_arr_time,replace_nearby,cached_uniclean,03:13 PM
2314,1030,act_dep_time,replace_nearby,cached_uniclean,03:38 PM
2314,1030,sched_arr_time,replace_nearby,cached_uniclean,06:30 PM
2314,1030,act_arr_time,replace_nearby,cached_uniclean,06:43 PM
2315,1031,sched_arr_time,replace_nearby,cached_uniclean,06:40 PM
2315,1031,act_arr_time,replace_nearby,cached_uniclean,06:15 PM
2316,1032,sched_arr_time,replace_nearby,cached_uniclean,03:30 PM
2316,1032,act_arr_time,replace_nearby,cached_uniclean,03:14 PM
2317,1033,sched_arr_time,replace_nearby,cached_uniclean,06:17 PM
2317,1033,act_arr_time,replace_nearby,cached_uniclean,05:38 PM
2318,1034,sched_arr_time,replace_nearby,cached_uniclean,12:55 PM
2318,1034,act_arr_time,replace_nearby,cached_uniclean,12:50 PM
2319,1035,act_dep_time,repair_value,cached_uniclean,03:58 PM
2319,1035,sched_arr_time,repair_value,cached_uniclean,07:05 PM
2319,1035,act_arr_time,repair_value,cached_uniclean,06:36 PM
2320,1036,sched_arr_time,replace_nearby,cached_uniclean,06:40 AM
2320,1036,act_arr_time,replace_nearby,cached_uniclean,06:19 AM
2321,1037,act_dep_time,replace_nearby,cached_uniclean,07:40 AM
2321,1037,sched_arr_time,replace_nearby,cached_uniclean,10:45 AM
2321,1037,act_arr_time,replace_nearby,cached_uniclean,11:12 AM
2322,1038,act_arr_time,replace_nearby,cached_uniclean,09:22 AM
2324,1040,act_dep_time,replace_nearby,cached_uniclean,08:49 AM
2328,1041,act_dep_time,replace_nearby,cached_uniclean,03:50 PM
2330,1042,act_dep_time,replace_nearby,cached_uniclean,04:10 PM
2330,1042,act_arr_time,replace_nearby,cached_uniclean,06:25 PM
2333,1045,act_dep_time,replace_nearby,cached_uniclean,10:11 AM
2333,1045,act_arr_time,replace_nearby,cached_uniclean,01:11 PM
2334,1046,act_dep_time,replace_nearby,cached_uniclean,12:13 PM
2335,1047,act_dep_time,replace_nearby,cached_uniclean,06:09 AM
2336,1048,act_dep_time,replace_nearby,cached_uniclean,11:45 AM
2338,1050,act_dep_time,replace_nearby,cached_uniclean,10:19 AM
2338,1050,act_arr_time,replace_nearby,cached_uniclean,11:50 AM
2339,1051,act_arr_time,replace_nearby,cached_uniclean,07:59 AM
2341,1052,act_dep_time,replace_nearby,cached_uniclean,06:58 AM
2342,1053,act_dep_time,replace_nearby,cached_uniclean,12:42 PM
2343,1054,act_dep_time,replace_nearby,cached_uniclean,12:08 PM
2346,1057,act_dep_time,replace_nearby,cached_uniclean,11:06 AM
2347,1058,act_dep_time,replace_nearby,cached_uniclean,07:22 AM
2348,1059,act_dep_time,replace_nearby,cached_uniclean,06:56 PM
2349,1060,act_dep_time,replace_nearby,cached_uniclean,12:12 PM
2352,1063,act_dep_time,replace_nearby,cached_uniclean,07:31 AM
2352,1063,act_arr_time,replace_nearby,cached_uniclean,09:26 AM
2353,1064,act_dep_time,replace_nearby,cached_uniclean,04:46 PM
2354,1065,act_arr_time,replace_nearby,cached_uniclean,09:47 PM
2355,1066,act_dep_time,replace_nearby,cached_uniclean,01:48 PM
2361,1068,act_dep_time,replace_nearby,cached_uniclean,08:52 AM
2364,1070,act_arr_time,replace_nearby,cached_uniclean,03:36 PM
2365,1071,act_dep_time,replace_nearby,cached_uniclean,03:28 PM
2366,1072,act_dep_time,replace_nearby,cached_uniclean,07:23 AM
2366,1072,act_arr_time,replace_nearby,cached_uniclean,11:04 AM
2368,1074,act_dep_time,replace_nearby,cached_uniclean,01:20 PM
2369,1075,act_dep_time,replace_nearby,cached_uniclean,03:38 PM
